"Order_ID","Customer_ID","employee_id","order_type","Customer_Country","Customer_Gender","Customer_Name","Customer_Type","order_date","delivery_date","customer_birthdate","costprice_per_unit","total_retail_price","product_quantity","product_id","product_name","product_group","product_category","product_line","supplier_country","supplier_id","supplier_name","age","age_group","customer_activity","customer_type_group","profit"
"  1230058123","          63","121039","Retail","US","M","James Klisurich","Orion Club Gold members medium activity","       21925","       21925","        9855","        7.45","        16.5","           1","220101300017","Toncot Beefy-T Emb T","T-Shirts","Clothes","Clothes & Shoes","US","        3298","A Team Sports","          39","31-45 years old","Medium Activity","Orion Club Gold","        9.05"
"  1230080101","           5","99999999","Catalog","US","F","Sandrina Stephano","Orion Club Gold members medium activity","       21929","       21933","       13339","      109.55","       247.5","           1","230100500026","Trekking Tent","Outdoor Gear","Outdoors","Outdoors","GB","         316","Prime Sports Ltd","          30","15-30 years old","Medium Activity","Orion Club Gold","      137.95"
"  1230106883","          45","99999999","Catalog","US","F","Dianne Patchin","Orion Club Gold members low activity","       21934","       21936","       13275","        8.55","        28.3","           1","240600100080","Sharky Swimming Trun","Bathing Suits","Swim Sports","Sports","US","       16292","Dolphin Sportswear I","          30","15-30 years old","Low Activity","Orion Club Gold","       19.75"
"  1230147441","          41","120174","Retail","AU","M","Wendell Summersby","Orion  Club members medium activity","       21942","       21942","        8006","         6.5","          32","           2","240600100010","Goggles, Assorted Co","Bathing Suits","Swim Sports","Sports","US","        6153","Nautlius SportsWear","          44","31-45 years old","Medium Activity","Orion Club","          19"
"  1230315085","         183","120134","Retail","AU","M","Duncan Robertshawe","Orion Club members low activity","       21972","       21972","         449","         8.8","        63.6","           3","240200200039","Eagle Plain Cap","Golf Clothes","Golf","Sports","US","       10225","HighPoint Trading","          65","61-75 years old","Low Activity","Orion Club","        37.2"
"  1230333319","          79","99999999","Catalog","US","F","Najma Hicks","Orion  Club members medium activity","       21976","       21977","       15727","      115.95","       234.6","           1","240100400005","Cool Fit Men's Rolle","Skates","Assorted Sports Arti","Sports","US","       13198","Twain Inc","          23","15-30 years old","Medium Activity","Orion Club","      118.65"
"  1230338566","          23","99999999","Catalog","US","M","Tulio D\u00e9vereaux","Internet/Catalog Customers","       21977","       21982","        2527","       16.15","        35.4","           1","240800200062","Top Equipe 07 Green","Winter Sports","Winter Sports","Sports","US","       13198","Twain Inc","          59","46-60 years old","Not Available","Internet/Catalog Customers","       19.25"
"  1230371142","          45","99999999","Catalog","US","F","Dianne Patchin","Orion Club Gold members low activity","       21983","       21985","       13275","          28","         127","           2","240500100004","Pants N","Jogging","Running - Jogging","Sports","ES","        4742","L\u00fcna sastreria","          30","15-30 years old","Low Activity","Orion Club Gold","          71"
"  1230404278","          56","121059","Retail","US","M","Roy Siferd","Orion  Club members medium activity","       21989","       21989","       -3256","       17.05","          75","           2","220200300002","Pytossage Bathing Sa","Tracker Shoes","Shoes","Clothes & Shoes","US","        2963","3Top Sports","          75","61-75 years old","Medium Activity","Orion Club","        40.9"
"  1230440481","         183","120149","Retail","AU","M","Duncan Robertshawe","Orion Club members low activity","       21996","       21996","         449","        63.2","       129.8","           1","230100600005","Basic 10, Left , Yel","Sleepingbags","Outdoors","Outdoors","DK","         755","Top Sports","          65","61-75 years old","Low Activity","Orion Club","        66.6"
"  1230450371","          16","99999999","Catalog","DE","M","Ulrich Heyde","Internet/Catalog Customers","       21998","       22000","       -1446","        32.2","       128.4","           2","230100600018","Expedition Zero,Smal","Sleepingbags","Outdoors","Outdoors","DK","         755","Top Sports","          70","61-75 years old","Not Available","Internet/Catalog Customers","          64"
"  1230453723","          79","99999999","Catalog","US","F","Najma Hicks","Orion  Club members medium activity","       21998","       21999","       15727","       11.55","        24.1","           1","240500200056","Breath-brief Long Un","Running Clothes","Running - Jogging","Sports","BE","        5922","Force Sports","          23","15-30 years old","Medium Activity","Orion Club","       12.55"
"  1230455630","         183","120134","Retail","AU","M","Duncan Robertshawe","Orion Club members low activity","       21999","       21999","         449","       22.45","        91.8","           2","240200100233","Tee18 Troon 7  Black","Golf","Golf","Sports","NL","        2995","Van Dammeren Interna","          65","61-75 years old","Low Activity","Orion Club","        46.9"
"  1230478006","        2788","99999999","Catalog","TR","M","Serdar Yucel","Orion  Club members high activity","       22002","       22004","         367","       13.15","        60.6","           2","230100100025","Women's Shorts","Anoraks & Parkas","Outdoors","Outdoors","NO","          50","Scandinavian Clothin","          65","61-75 years old","High Activity","Orion Club","        34.3"
"  1230498538","          20","121066","Retail","US","M","Michael Dineley","Orion  Club members medium activity","       22006","       22006","        5951","       34.35","        68.5","           1","230100300006","Gloves Le Fly Mitten","Gloves & Mittens","Outdoors","Outdoors","PT","        1684","Magnifico Sports","          50","46-60 years old","Medium Activity","Orion Club","       34.15"
"  1230500669","       70046","99999999","Internet","CA","M","Tommy Mcdonald","Orion Club members low activity","       22007","       22008","        5863","       41.35","       148.6","           2","240200100131","Hi-fly Tour Advance","Golf","Golf","Sports","NL","        2995","Van Dammeren Interna","          50","46-60 years old","Low Activity","Orion Club","        65.9"
"  1230503155","       12386","99999999","Catalog","IL","M","Zweig, Avinoam","Internet/Catalog Customers","       22007","       22008","        5976","        14.2","        31.8","           1","220101400310","Short Women's Tights","Tracker Clothes","Clothes","Clothes & Shoes","US","        2963","3Top Sports","          50","46-60 years old","Not Available","Internet/Catalog Customers","        17.6"
"  1230591673","          23","99999999","Catalog","US","M","Tulio D\u00e9vereaux","Internet/Catalog Customers","       22023","       22028","        2527","       32.25","       178.5","           3","220200200024","Pro Fit Gel Gt 2030","Shoes","Shoes","Clothes & Shoes","US","        1747","Pro Sportswear Inc","          59","46-60 years old","Not Available","Internet/Catalog Customers","       81.75"
"  1230591675","          36","99999999","Internet","US","M","Phenix Hill","Internet/Catalog Customers","       22023","       22025","        7762","        15.4","        34.5","           1","240500100039","Sweatshirt Women's S","Jogging","Running - Jogging","Sports","US","        3298","A Team Sports","          45","31-45 years old","Not Available","Internet/Catalog Customers","        19.1"
"  1230591684","          79","121045","Retail","US","F","Najma Hicks","Orion  Club members medium activity","       22023","       22023","       15727","      246.55","        1796","           4","240200100076","Expert Men's Firesol","Golf","Golf","Sports","US","       13198","Twain Inc","          23","15-30 years old","Medium Activity","Orion Club","       809.8"
"  1230619748","          61","99999999","Catalog","DE","M","Carsten Maestrini","Orion Club Gold members high activity","       22029","       22034","         554","        41.6","          83","           1","220200100092","Big Guy Men's Air Te","Eclipse Shoes","Shoes","Clothes & Shoes","US","        1303","Eclipse Inc","          65","61-75 years old","High Activity","Orion Club Gold","        41.4"
"  1230642273","          13","99999999","Catalog","DE","M","Markus Sepke","Orion Club Gold members low activity","       22033","       22038","       16638","        58.6","       126.1","           1","230100500082","Lucky Tech Intergal","Outdoor Gear","Outdoors","Outdoors","US","         772","AllSeasons Outdoor C","          21","15-30 years old","Low Activity","Orion Club Gold","        67.5"
"  1230657844","         171","99999999","Internet","AU","M","Robert Bowerman","Orion  Club members high activity","       22036","       22039","       11375","        46.8","       109.9","           1","240100100646","Lyon Men's Jacket","Assorted Sports arti","Assorted Sports Arti","Sports","ES","        4742","L\u00fcna sastreria","          35","31-45 years old","High Activity","Orion Club","        63.1"
"  1230690733","       11171","99999999","Internet","CA","M","Bill Cuddy","Orion Club Gold members low activity","       22042","       22044","       15994","        69.4","       282.4","           2","240200100043","Bretagne Performance","Golf","Golf","Sports","NL","        2995","Van Dammeren Interna","          22","15-30 years old","Low Activity","Orion Club Gold","       143.6"
"  1230699509","       14703","99999999","Catalog","IL","M","Bloch, Eyal","Orion  Club members high activity","       22043","       22046","        9763","       48.65","       102.1","           1","220100100044","Sports glasses Satin","Eclipse Clothing","Clothes","Clothes & Shoes","US","        1303","Eclipse Inc","          39","31-45 years old","High Activity","Orion Club","       53.45"
"  1230700421","          79","99999999","Catalog","US","F","Najma Hicks","Orion  Club members medium activity","       22043","       22044","       15727","       74.55","         176","           1","230100100006","Jacket Nome","Anoraks & Parkas","Outdoors","Outdoors","ES","        4742","L\u00fcna sastreria","          23","15-30 years old","Medium Activity","Orion Club","      101.45"
"  1230738723","         928","99999999","Catalog","TR","M","Bulent Urfalioglu","Orion Club members low activity","       22050","       22054","        9719","        59.4","       237.2","           2","230100600026","Expedition 20,Large,","Sleepingbags","Outdoors","Outdoors","DK","         755","Top Sports","          39","31-45 years old","Low Activity","Orion Club","       118.4"
"  1230744524","       19444","99999999","Catalog","IL","M","Zweig, Avinoam","Orion  Club members high activity","       22051","       22056","        6115","       47.45","        99.7","           1","220100700024","Armadillo Road Dmx W","Orion","Clothes","Clothes & Shoes","CA","       16733","Fuller Trading Co.","          49","46-60 years old","High Activity","Orion Club","       52.25"
"  1230745294","          71","121060","Retail","US","F","Viola Folsom","Orion Club Gold members medium activity","       22051","       22051","        9762","       67.35","       134.5","           1","220200100179","Woman's Air Converge","Eclipse Shoes","Shoes","Clothes & Shoes","US","        1303","Eclipse Inc","          39","31-45 years old","Medium Activity","Orion Club Gold","       67.15"
"  1230754828","          12","121039","Retail","US","M","David Black","Orion  Club members medium activity","       22053","       22053","        9598","        11.5","        68.4","           3","220100100272","Big Guy Men's T-Shir","Eclipse Clothing","Clothes","Clothes & Shoes","US","        1303","Eclipse Inc","          40","31-45 years old","Medium Activity","Orion Club","        33.9"
"  1230771337","         544","99999999","Catalog","TR","M","Avni Argac","Orion  Club members high activity","       22056","       22057","        7810","       33.25","       221.7","           3","230100500012","Inflatable 3.5","Outdoor Gear","Outdoors","Outdoors","GB","         316","Prime Sports Ltd","          45","31-45 years old","High Activity","Orion Club","      121.95"
"  1230778996","         111","120148","Retail","AU","F","Karolina Dokter","Orion  Club members medium activity","       22058","       22058","       11684","       17.25","        35.5","           1","230100500096","Rain Jacket","Outdoor Gear","Outdoors","Outdoors","US","         772","AllSeasons Outdoor C","          34","31-45 years old","Medium Activity","Orion Club","       18.25"
"  1230793366","          88","99999999","Catalog","US","M","Attila Gibbs","Orion  Club members medium activity","       22060","       22063","        5893","       124.2","      1250.4","           3","240400200097","Smasher Tg 70 Tennis","Racket Sports","Racket Sports","Sports","GB","        1280","British Sports Ltd","          50","46-60 years old","Medium Activity","Orion Club","       877.8"
"  1230804171","          23","99999999","Catalog","US","M","Tulio D\u00e9vereaux","Internet/Catalog Customers","       22062","       22067","        2527","       20.65","       148.5","           3","240500200073","Force Classic Men's","Running Clothes","Running - Jogging","Sports","BE","        5922","Force Sports","          59","46-60 years old","Not Available","Internet/Catalog Customers","       86.55"
"  1230825762","          71","121064","Retail","US","F","Viola Folsom","Orion Club Gold members medium activity","       22066","       22066","        9762","       55.85","       265.6","           2","230100500093","Mayday W'S Sports Pu","Outdoor Gear","Outdoors","Outdoors","US","        4646","Mayday Inc","          39","31-45 years old","Medium Activity","Orion Club Gold","       153.9"
"  1230841456","          23","99999999","Catalog","US","M","Tulio D\u00e9vereaux","Internet/Catalog Customers","       22069","       22074","        2527","       33.15","       127.2","           2","240700400024","Prosoccer Away Shirt","Soccer","Team Sports","Sports","US","       14593","Fga Sports Inc","          59","46-60 years old","Not Available","Internet/Catalog Customers","        60.9"
"  1230841466","          75","121094","Retail","US","M","Mikel Spetz","Orion Club members low activity","       22069","       22069","       15144","       23.85","       109.2","           2","240500100062","Ypsilon Men's Sweats","Jogging","Running - Jogging","Sports","FR","       14624","Ypsilon S.A.","          25","15-30 years old","Low Activity","Orion Club","        61.5"
"  1230885738","          56","121043","Retail","US","M","Roy Siferd","Orion  Club members medium activity","       22077","       22077","       -3256","        7.45","          33","           2","220101300017","Toncot Beefy-T Emb T","T-Shirts","Clothes","Clothes & Shoes","US","        3298","A Team Sports","          75","61-75 years old","Medium Activity","Orion Club","        18.1"
"  1230931366","       17023","99999999","Internet","CA","F","Susan Krasowski","Orion Club Gold members high activity","       22086","       22091","        6034","        8.35","       166.8","           2","240200200007","Golf Polo(1/400)","Golf Clothes","Golf","Sports","US","        7511","Mike Schaeffer Inc","          50","46-60 years old","High Activity","Orion Club Gold","       150.1"
"  1231002241","         171","99999999","Internet","AU","M","Robert Bowerman","Orion  Club members high activity","       22099","       22102","       11375","       22.65","        52.3","           1","220101200029","Tyfoon Oliver Sweats","Street Wear","Clothes","Clothes & Shoes","AU","       11427","Typhoon Clothing","          35","31-45 years old","High Activity","Orion Club","       29.65"
"  1231008713","       70108","99999999","Catalog","CA","M","Patrick Leach","Orion Club members low activity","       22100","       22101","       -1357","         8.8","        42.4","           2","240200200039","Eagle Plain Cap","Golf Clothes","Golf","Sports","US","       10225","HighPoint Trading","          70","61-75 years old","Low Activity","Orion Club","        24.8"
"  1231014780","        2806","99999999","Catalog","ZA","F","Raedene Van Den Berg","Orion  Club members medium activity","       22100","       22104","       16695","       131.5","        1064","           4","240100400043","Perfect Fit Men's  R","Skates","Assorted Sports Arti","Sports","US","       13198","Twain Inc","          20","15-30 years old","Medium Activity","Orion Club","         538"
"  1231023774","         215","120145","Retail","AU","M","Ramesh Trentholme","Orion Club Gold members medium activity","       22103","       22103","        2327","       10.85","        22.9","           1","230100500024","Small Belt Bag, Blac","Outdoor Gear","Outdoors","Outdoors","DK","         755","Top Sports","          60","46-60 years old","Medium Activity","Orion Club Gold","       12.05"
"  1231035308","          13","99999999","Catalog","DE","M","Markus Sepke","Orion Club Gold members low activity","       22105","       22110","       16638","        36.8","       146.8","           2","230100600023","Expedition 10,Small,","Sleepingbags","Outdoors","Outdoors","DK","         755","Top Sports","          21","15-30 years old","Low Activity","Orion Club Gold","        73.2"
"  1231071449","          36","99999999","Internet","US","M","Phenix Hill","Internet/Catalog Customers","       22111","       22113","        7762","       58.05","         257","           2","240400200057","Grandslam Ultra Powe","Racket Sports","Racket Sports","Sports","GB","       17832","GrandSlam Sporting G","          45","31-45 years old","Not Available","Internet/Catalog Customers","       140.9"
"  1231077006","          12","121064","Retail","US","M","David Black","Orion  Club members medium activity","       22112","       22112","        9598","          40","       193.8","           2","230100500095","Men's Sports Pullove","Outdoor Gear","Outdoors","Outdoors","US","        4646","Mayday Inc","          40","31-45 years old","Medium Activity","Orion Club","       113.8"
"  1231094514","          61","99999999","Catalog","DE","M","Carsten Maestrini","Orion Club Gold members high activity","       22116","       22121","         554","        51.3","         544","           4","230100500074","Tent Milano Tent,4 P","Outdoor Gear","Outdoors","Outdoors","GB","         316","Prime Sports Ltd","          65","61-75 years old","High Activity","Orion Club Gold","       338.8"
"  1231135703","          79","121027","Retail","US","F","Najma Hicks","Orion  Club members medium activity","       22123","       22123","       15727","       16.05","          92","           2","210200900004","Kid Basic Tracking S","Osprey, Kids","Children Sports","Children","US","        3664","Triple Sportswear In","          23","15-30 years old","Medium Activity","Orion Club","        59.9"
"  1231169108","          31","121059","Retail","US","F","Cynthia Mart\u00ednez","Orion Club Gold members medium activity","       22129","       22129","        6063","       36.65","       220.2","           3","220200300157","Hardcore Men's Stree","Tracker Shoes","Shoes","Clothes & Shoes","GB","       14682","Greenline Sports Ltd","          49","46-60 years old","Medium Activity","Orion Club Gold","      110.25"
"  1231176288","         215","120164","Retail","AU","M","Ramesh Trentholme","Orion Club Gold members medium activity","       22131","       22131","        2327","       10.85","        45.4","           2","240500200100","Original Running Pan","Running Clothes","Running - Jogging","Sports","BE","        5922","Force Sports","          60","46-60 years old","Medium Activity","Orion Club Gold","        23.7"
"  1231188317","         111","99999999","Catalog","AU","F","Karolina Dokter","Orion  Club members medium activity","       22133","       22135","       11684","       12.35","        30.8","           1","220100900029","Osprey Men's King T-","Osprey","Clothes","Clothes & Shoes","US","        3664","Triple Sportswear In","          34","31-45 years old","Medium Activity","Orion Club","       18.45"
"  1231194004","        3959","99999999","Internet","ZA","F","Rita Lotz","Orion Club Gold members high activity","       22133","       22134","        7725","       27.55","         122","           2","240100100610","Goodtime Bag","Assorted Sports arti","Assorted Sports Arti","Sports","ES","        4742","L\u00fcna sastreria","          45","31-45 years old","High Activity","Orion Club Gold","        66.9"
"  1231204878","          71","120732","Retail","US","F","Viola Folsom","Orion Club Gold members medium activity","       22135","       22135","        9762","       27.95","       111.4","           2","230100600017","Expedition Zero,Smal","Sleepingbags","Outdoors","Outdoors","DK","         755","Top Sports","          39","31-45 years old","Medium Activity","Orion Club Gold","        55.5"
"  1231206746","         215","120134","Retail","AU","M","Ramesh Trentholme","Orion Club Gold members medium activity","       22136","       22136","        2327","        14.2","        28.2","           1","240200100232","Tee18 Ascot Chipper","Golf","Golf","Sports","NL","        2995","Van Dammeren Interna","          60","46-60 years old","Medium Activity","Orion Club Gold","          14"
"  1231227910","       70187","99999999","Catalog","CA","F","Soberina Berent","Orion  Club members medium activity","       22140","       22145","       15975","        42.2","        1266","           3","240200200013","Master Golf Rain Sui","Golf Clothes","Golf","Sports","US","        7511","Mike Schaeffer Inc","          22","15-30 years old","Medium Activity","Orion Club","      1139.4"
"  1231231220","          20","121040","Retail","US","M","Michael Dineley","Orion  Club members medium activity","       22140","       22140","        5951","        33.1","       145.2","           2","220101400306","Sherpa Pes Shiny Cot","Tracker Clothes","Clothes","Clothes & Shoes","US","        2963","3Top Sports","          50","46-60 years old","Medium Activity","Orion Club","          79"
"  1231259703","          45","121045","Retail","US","F","Dianne Patchin","Orion Club Gold members low activity","       22145","       22145","       13275","          72","       420.9","           3","240200100051","Bretagne Stabilites","Golf","Golf","Sports","NL","        2995","Van Dammeren Interna","          30","15-30 years old","Low Activity","Orion Club Gold","       204.9"
"  1231270767","          52","99999999","Internet","US","M","Yan Kozlowski","Orion  Club members medium activity","       22147","       22153","        9592","       42.15","       168.2","           2","230100600022","Expedition10,Medium,","Sleepingbags","Outdoors","Outdoors","DK","         755","Top Sports","          40","31-45 years old","Medium Activity","Orion Club","        83.9"
"  1231292064","          12","121037","Retail","US","M","David Black","Orion  Club members medium activity","       22151","       22151","        9598","        14.7","        96.3","           3","220101400060","2bwet 3 Cb Swimming","Tracker Clothes","Clothes","Clothes & Shoes","US","        2963","3Top Sports","          40","31-45 years old","Medium Activity","Orion Club","        52.2"
"  1231305521","          16","99999999","Catalog","DE","M","Ulrich Heyde","Internet/Catalog Customers","       22154","       22162","       -1446","        31.4","       125.2","           2","220200100035","Big Guy Men's Air De","Eclipse Shoes","Shoes","Clothes & Shoes","US","        1303","Eclipse Inc","          70","61-75 years old","Not Available","Internet/Catalog Customers","        62.4"
"  1231305531","          16","99999999","Catalog","DE","M","Ulrich Heyde","Internet/Catalog Customers","       22154","       22156","       -1446","        44.4","       177.2","           2","220200100090","Big Guy Men's Air Te","Eclipse Shoes","Shoes","Clothes & Shoes","US","        1303","Eclipse Inc","          70","61-75 years old","Not Available","Internet/Catalog Customers","        88.4"
"  1231314893","          20","121109","Retail","US","M","Michael Dineley","Orion  Club members medium activity","       22155","       22155","        5951","        6.35","          32","           2","240700200024","Bat - Large","Baseball","Team Sports","Sports","US","       15218","Miller Trading Inc","          50","46-60 years old","Medium Activity","Orion Club","        19.3"
"  1231316727","        2806","99999999","Catalog","ZA","F","Raedene Van Den Berg","Orion  Club members medium activity","       22155","       22159","       16695","        68.6","       224.6","           2","240100400076","Pro-roll Sq9 80-76mm","Skates","Assorted Sports Arti","Sports","PT","        1684","Magnifico Sports","          20","15-30 years old","Medium Activity","Orion Club","        87.4"
"  1231317443","          61","99999999","Catalog","DE","M","Carsten Maestrini","Orion Club Gold members high activity","       22156","       22161","         554","         135","         440","           2","230100700002","Comfort Shelter","Tents","Outdoors","Outdoors","GB","       16422","Outback Outfitters L","          65","61-75 years old","High Activity","Orion Club Gold","         170"
"  1231341359","          71","121057","Retail","US","F","Viola Folsom","Orion Club Gold members medium activity","       22160","       22160","        9762","       30.25","       132.8","           2","220200200018","Lulu Men's Street Sh","Shoes","Shoes","Clothes & Shoes","SE","         109","Petterson AB","          39","31-45 years old","Medium Activity","Orion Club Gold","        72.3"
"  1231392762","          36","99999999","Internet","US","M","Phenix Hill","Internet/Catalog Customers","       22169","       22171","        7762","        36.8","       146.8","           2","230100600023","Expedition 10,Small,","Sleepingbags","Outdoors","Outdoors","DK","         755","Top Sports","          45","31-45 years old","Not Available","Internet/Catalog Customers","        73.2"
"  1231414059","          36","99999999","Internet","US","M","Phenix Hill","Internet/Catalog Customers","       22173","       22175","        7762","        60.1","      150.25","           1","240800200008","Twain X-Scream 7.9 S","Winter Sports","Winter Sports","Sports","US","       13198","Twain Inc","          45","31-45 years old","Not Available","Internet/Catalog Customers","       90.15"
"  1231453831","       70046","99999999","Internet","CA","M","Tommy Mcdonald","Orion Club members low activity","       22181","       22182","        5863","        51.4","        99.7","           1","240200100052","Bretagne Stabilities","Golf","Golf","Sports","NL","        2995","Van Dammeren Interna","          50","46-60 years old","Low Activity","Orion Club","        48.3"
"  1231468750","          52","121044","Retail","US","M","Yan Kozlowski","Orion  Club members medium activity","       22183","       22188","        9592","        25.1","          50","           1","220100100153","Big Guy Men's Fresh","Eclipse Clothing","Clothes","Clothes & Shoes","US","        1303","Eclipse Inc","          40","31-45 years old","Medium Activity","Orion Club","        24.9"
"  1231500373","       19444","99999999","Catalog","IL","M","Zweig, Avinoam","Orion  Club members high activity","       22189","       22194","        6115","       20.95","        52.2","           1","220101200006","Anthony Bork Maggan","Street Wear","Clothes","Clothes & Shoes","US","        4646","Mayday Inc","          49","46-60 years old","High Activity","Orion Club","       31.25"
"  1231501254","          88","121043","Retail","US","M","Attila Gibbs","Orion  Club members medium activity","       22189","       22189","        5893","        50.5","       106.1","           1","220100700052","Trooper Ii Dmx-2x Me","Orion","Clothes","Clothes & Shoes","CA","       16733","Fuller Trading Co.","          50","46-60 years old","Medium Activity","Orion Club","        55.6"
"  1231522431","          52","99999999","Internet","US","M","Yan Kozlowski","Orion  Club members medium activity","       22193","       22199","        9592","        13.8","        34.7","           1","240100100065","Grey","Assorted Sports arti","Assorted Sports Arti","Sports","CA","       16814","CrystalClear Optics","          40","31-45 years old","Medium Activity","Orion Club","        20.9"
"  1231544990","       14703","99999999","Catalog","IL","M","Bloch, Eyal","Orion  Club members high activity","       22197","       22200","        9763","       12.35","        24.8","           1","220101400385","N.d.gear Basic T-Shi","Tracker Clothes","Clothes","Clothes & Shoes","GB","       14682","Greenline Sports Ltd","          39","31-45 years old","High Activity","Orion Club","       12.45"
"  1231614059","       70108","99999999","Catalog","CA","M","Patrick Leach","Orion Club members low activity","       22210","       22211","       -1357","        24.2","        55.9","           1","220101200020","Tyfoon Flex Shorts","Street Wear","Clothes","Clothes & Shoes","AU","       11427","Typhoon Clothing","          70","61-75 years old","Low Activity","Orion Club","        31.7"
"  1231619928","          61","99999999","Catalog","DE","M","Carsten Maestrini","Orion Club Gold members high activity","       22211","       22216","         554","        50.4","       103.2","           1","230100600036","Tent Summer 195 Twin","Sleepingbags","Outdoors","Outdoors","GB","       16422","Outback Outfitters L","          65","61-75 years old","High Activity","Orion Club Gold","        52.8"
"  1231653765","          11","99999999","Internet","DE","F","Elke Wallstab","Orion  Club members high activity","       22217","       22222","       11550","        35.2","        72.7","           1","230100200047","Medium Gold Black/Go","Backpacks","Outdoors","Outdoors","DK","         755","Top Sports","          34","31-45 years old","High Activity","Orion Club","        37.5"
"  1231657078","          63","121061","Retail","US","M","James Klisurich","Orion Club Gold members medium activity","       22217","       22221","        9855","       38.35","        84.2","           1","220200300116","South Peak Men's Run","Tracker Shoes","Shoes","Clothes & Shoes","US","        2963","3Top Sports","          39","31-45 years old","Medium Activity","Orion Club Gold","       45.85"
"  1231663230","           5","121025","Retail","US","F","Sandrina Stephano","Orion Club Gold members medium activity","       22218","       22218","       13339","        1.15","           3","           1","240100100433","Shoelace White 150 C","Assorted Sports arti","Assorted Sports Arti","Sports","US","        5810","Teamsports Inc","          30","15-30 years old","Medium Activity","Orion Club Gold","        1.85"
"  1231734609","         544","99999999","Catalog","TR","M","Avni Argac","Orion  Club members high activity","       22231","       22232","        7810","       80.45","         191","           1","230100500091","Mayday Soul Ht Jacke","Outdoor Gear","Outdoors","Outdoors","US","        4646","Mayday Inc","          45","31-45 years old","High Activity","Orion Club","      110.55"
"  1231734615","        1033","99999999","Internet","TR","M","Selim Okay","Orion Club members low activity","       22231","       22235","       13436","        63.2","       129.8","           1","230100600005","Basic 10, Left , Yel","Sleepingbags","Outdoors","Outdoors","DK","         755","Top Sports","          29","15-30 years old","Low Activity","Orion Club","        66.6"
"  1231757107","          17","121037","Retail","US","M","Jimmie Evans","Orion  Club members medium activity","       22235","       22235","        4246","       42.15","        84.1","           1","220100100568","Woman's Micro Fibre","Eclipse Clothing","Clothes","Clothes & Shoes","US","        1303","Eclipse Inc","          54","46-60 years old","Medium Activity","Orion Club","       41.95"
"  1231773634","       14703","99999999","Catalog","IL","M","Bloch, Eyal","Orion  Club members high activity","       22238","       22241","        9763","       10.45","        45.6","           2","220101400018","Men's Running Tee Sh","Tracker Clothes","Clothes","Clothes & Shoes","US","        2963","3Top Sports","          39","31-45 years old","High Activity","Orion Club","        24.7"
"  1231780610","          71","121025","Retail","US","F","Viola Folsom","Orion Club Gold members medium activity","       22239","       22239","        9762","       109.9","       219.9","           1","240100400080","Proskater Kitalpha G","Skates","Assorted Sports Arti","Sports","US","        3815","Roll-Over Inc","          39","31-45 years old","Medium Activity","Orion Club Gold","         110"
"  1231858937","          45","121060","Retail","US","F","Dianne Patchin","Orion Club Gold members low activity","       22253","       22253","       13275","       28.65","       128.6","           2","220200300079","Hilly Women's Crosst","Tracker Shoes","Shoes","Clothes & Shoes","US","        2963","3Top Sports","          30","15-30 years old","Low Activity","Orion Club Gold","        71.3"
"  1231861295","       70187","99999999","Catalog","CA","F","Soberina Berent","Orion  Club members medium activity","       22254","       22259","       15975","       11.95","        53.2","           2","240200100154","Men's.m Men's Winter","Golf","Golf","Sports","NL","        2995","Van Dammeren Interna","          22","15-30 years old","Medium Activity","Orion Club","        29.3"
"  1231891098","          71","121043","Retail","US","F","Viola Folsom","Orion Club Gold members medium activity","       22259","       22259","        9762","          15","        65.6","           2","220101400091","Casual Genuine Tee","Tracker Clothes","Clothes","Clothes & Shoes","US","        2963","3Top Sports","          39","31-45 years old","Medium Activity","Orion Club Gold","        35.6"
"  1231896710","          88","120733","Retail","US","M","Attila Gibbs","Orion  Club members medium activity","       22260","       22260","        5893","       39.05","        93.8","           1","230100500087","Mayday Qd Zip Pants","Outdoor Gear","Outdoors","Outdoors","US","        4646","Mayday Inc","          50","46-60 years old","Medium Activity","Orion Club","       54.75"
"  1231898348","         183","120127","Retail","AU","M","Duncan Robertshawe","Orion Club members low activity","       22261","       22261","         449","        27.4","       240.8","           4","220101400289","Quali Sweatpant","Tracker Clothes","Clothes","Clothes & Shoes","US","        2963","3Top Sports","          65","61-75 years old","Low Activity","Orion Club","       131.2"
"  1231908237","         215","120132","Retail","AU","M","Ramesh Trentholme","Orion Club Gold members medium activity","       22263","       22263","        2327","        62.9","       243.2","           2","240200100180","Proplay Men's Tour F","Golf","Golf","Sports","NL","        2995","Van Dammeren Interna","          60","46-60 years old","Medium Activity","Orion Club Gold","       117.4"
"  1231928627","          17","121020","Retail","US","M","Jimmie Evans","Orion  Club members medium activity","       22266","       22266","        4246","      127.95","       175.9","           1","240100400070","Pro-roll Sabotage-Rp","Skates","Assorted Sports Arti","Sports","PT","        1684","Magnifico Sports","          54","46-60 years old","Medium Activity","Orion Club","       47.95"
"  1231936241","         111","120127","Retail","AU","F","Karolina Dokter","Orion  Club members medium activity","       22268","       22268","       11684","           5","        22.2","           2","220101400017","Men's Cap","Tracker Clothes","Clothes","Clothes & Shoes","US","        2963","3Top Sports","          34","31-45 years old","Medium Activity","Orion Club","        12.2"
"  1231950921","           5","99999999","Catalog","US","F","Sandrina Stephano","Orion Club Gold members medium activity","       22270","       22272","       13339","       55.85","       265.6","           2","230100500093","Mayday W'S Sports Pu","Outdoor Gear","Outdoors","Outdoors","US","        4646","Mayday Inc","          30","15-30 years old","Medium Activity","Orion Club Gold","       153.9"
"  1231952752","         111","99999999","Catalog","AU","F","Karolina Dokter","Orion  Club members medium activity","       22271","       22273","       11684","       26.55","       105.8","           2","220100100298","Big Guy Men's Twill","Eclipse Clothing","Clothes","Clothes & Shoes","US","        1303","Eclipse Inc","          34","31-45 years old","Medium Activity","Orion Club","        52.7"
"  1231953192","       70210","99999999","Internet","CA","M","Alex Santinello","Orion  Club members medium activity","       22271","       22272","       15817","        51.4","       199.4","           2","240200100052","Bretagne Stabilities","Golf","Golf","Sports","NL","        2995","Van Dammeren Interna","          23","15-30 years old","Medium Activity","Orion Club","        96.6"
"  1231956902","           5","121037","Retail","US","F","Sandrina Stephano","Orion Club Gold members medium activity","       22271","       22271","       13339","        31.2","       136.8","           2","220101400276","Pine Sweat with Hood","Tracker Clothes","Clothes","Clothes & Shoes","US","        2963","3Top Sports","          30","15-30 years old","Medium Activity","Orion Club Gold","        74.4"
"  1231976710","          19","99999999","Internet","DE","M","Oliver S. F\u00fc\u00d","Orion Club Gold members high activity","       22275","       22279","        7724","        6.05","        56.4","           4","240300100020","Fitness Dumbbell Foa","Fitness","Indoor Sports","Sports","NL","       16542","TrimSport B.V.","          45","31-45 years old","High Activity","Orion Club Gold","        32.2"
"  1231982684","         183","120158","Retail","AU","M","Duncan Robertshawe","Orion Club members low activity","       22276","       22276","         449","       14.35","       107.1","           3","240400300033","Smasher Polo-Shirt w","Tennis","Racket Sports","Sports","GB","        1280","British Sports Ltd","          65","61-75 years old","Low Activity","Orion Club","       64.05"
"  1231986335","         195","120148","Retail","AU","M","Cosi Rimmington","Orion Club members low activity","       22277","       22277","         680","        16.8","          38","           1","230100500008","Dome Tent Monodome A","Outdoor Gear","Outdoors","Outdoors","GB","         316","Prime Sports Ltd","          64","61-75 years old","Low Activity","Orion Club","        21.2"
"  1232003930","       70046","99999999","Internet","CA","M","Tommy Mcdonald","Orion Club members low activity","       22280","       22281","        5863","       12.35","          49","           2","240200100124","Hi-fly Staff Towel B","Golf","Golf","Sports","NL","        2995","Van Dammeren Interna","          50","46-60 years old","Low Activity","Orion Club","        24.3"
"  1232007693","           5","99999999","Catalog","US","F","Sandrina Stephano","Orion Club Gold members medium activity","       22280","       22284","       13339","      174.75","       353.6","           1","240100400044","Perfect Fit Men's Ro","Skates","Assorted Sports Arti","Sports","US","       13198","Twain Inc","          30","15-30 years old","Medium Activity","Orion Club Gold","      178.85"
"  1232007700","          45","121066","Retail","US","F","Dianne Patchin","Orion Club Gold members low activity","       22280","       22280","       13275","        53.6","       249.6","           2","230100100045","Duwall Pants","Anoraks & Parkas","Outdoors","Outdoors","US","         772","AllSeasons Outdoor C","          30","15-30 years old","Low Activity","Orion Club Gold","       142.4"
"  1232087464","          53","120143","Retail","AU","F","Dericka Pockran","Orion  Club members high activity","       22293","       22293","        4188","       42.15","       336.4","           4","230100600022","Expedition10,Medium,","Sleepingbags","Outdoors","Outdoors","DK","         755","Top Sports","          55","46-60 years old","High Activity","Orion Club","       167.8"
"  1232092527","          49","121039","Retail","US","F","Annmarie Leveille","Orion Club Gold members high activity","       22293","       22293","       15172","         2.6","         6.5","           1","220100200004","Green Lime Atletic S","Green Tomato","Clothes","Clothes & Shoes","US","       18139","Green Lime Sports In","          25","15-30 years old","High Activity","Orion Club Gold","         3.9"
"  1232161564","          34","121040","Retail","US","M","Alvan Goheen","Orion Club members low activity","       22303","       22303","       14993","       50.75","       101.3","           1","220100100197","Big Guy Men's Mid La","Eclipse Clothing","Clothes","Clothes & Shoes","US","        1303","Eclipse Inc","          25","15-30 years old","Low Activity","Orion Club","       50.55"
"  1232217725","          89","99999999","Catalog","US","F","Wynella Lewis","Orion  Club members high activity","       22312","       22315","       -3017","          61","       283.4","           2","230100100062","Topper Pants","Anoraks & Parkas","Outdoors","Outdoors","US","         772","AllSeasons Outdoor C","          74","61-75 years old","High Activity","Orion Club","       161.4"
"  1232240447","         195","120150","Retail","AU","M","Cosi Rimmington","Orion Club members low activity","       22316","       22316","         680","       16.65","        77.6","           2","230100200059","Deer Backpack","Backpacks","Outdoors","Outdoors","ES","        4742","L\u00fcna sastreria","          64","61-75 years old","Low Activity","Orion Club","        44.3"
"  1232241009","       70046","99999999","Internet","CA","M","Tommy Mcdonald","Orion Club members low activity","       22316","       22317","        5863","         9.2","        22.2","           1","240200200039","Eagle Plain Cap","Golf Clothes","Golf","Sports","US","       10225","HighPoint Trading","          50","46-60 years old","Low Activity","Orion Club","          13"
"  1232307056","         171","120148","Retail","AU","M","Robert Bowerman","Orion  Club members high activity","       22326","       22326","       11375","       30.35","         146","           2","230100500081","Lucky Tech Classic R","Outdoor Gear","Outdoors","Outdoors","US","         772","AllSeasons Outdoor C","          35","31-45 years old","High Activity","Orion Club","        85.3"
"  1232311932","          20","121039","Retail","US","M","Michael Dineley","Orion  Club members medium activity","       22326","       22326","        5951","        42.4","         206","           2","220100300025","Lucky Knitwear Wool","Knitwear","Clothes","Clothes & Shoes","US","         772","AllSeasons Outdoor C","          50","46-60 years old","Medium Activity","Orion Club","       121.2"
"  1232331499","          23","99999999","Catalog","US","M","Tulio D\u00e9vereaux","Internet/Catalog Customers","       22329","       22333","        2527","       78.15","       369.8","           2","230100100051","Lucky Voss Jacket","Anoraks & Parkas","Outdoors","Outdoors","US","         772","AllSeasons Outdoor C","          59","46-60 years old","Not Available","Internet/Catalog Customers","       213.5"
"  1232373481","          13","99999999","Catalog","DE","M","Markus Sepke","Orion Club Gold members low activity","       22336","       22339","       16638","       82.85","       165.5","           1","220200100229","Woman's Air Zoom Ste","Eclipse Shoes","Shoes","Clothes & Shoes","US","        1303","Eclipse Inc","          21","15-30 years old","Low Activity","Orion Club Gold","       82.65"
"  1232410925","           4","99999999","Internet","US","M","James Kvarniq","Orion Club members low activity","       22341","       22342","       11500","        18.8","        47.7","           1","240800200030","Ii Pmt,Bone","Winter Sports","Winter Sports","Sports","CA","       16814","CrystalClear Optics","          35","31-45 years old","Low Activity","Orion Club","        28.9"
"  1232455720","           4","121100","Retail","US","M","James Kvarniq","Orion Club members low activity","       22348","       22348","       11500","       23.25","          53","           1","240600100017","Swim Suit Laurel","Bathing Suits","Swim Sports","Sports","ES","        4742","L\u00fcna sastreria","          35","31-45 years old","Low Activity","Orion Club","       29.75"
"  1232517885","       70201","99999999","Internet","CA","F","Angel Borwick","Orion Club Gold members low activity","       22358","       22363","        9849","       86.65","       183.9","           1","240200100226","Rubby Men's Golf Sho","Golf","Golf","Sports","ES","        4168","Rubby Zapatos S.A.","          39","31-45 years old","Low Activity","Orion Club Gold","       97.25"
"  1232530384","           4","99999999","Internet","US","M","James Kvarniq","Orion Club members low activity","       22359","       22360","       11500","         8.6","        16.9","           1","240700200019","Helmet M","Baseball","Team Sports","Sports","US","       15218","Miller Trading Inc","          35","31-45 years old","Low Activity","Orion Club","         8.3"
"  1232530393","          49","121037","Retail","US","F","Annmarie Leveille","Orion Club Gold members high activity","       22359","       22359","       15172","        16.8","        33.4","           1","220100100125","Big Guy Men's Dri Fi","Eclipse Clothing","Clothes","Clothes & Shoes","US","        1303","Eclipse Inc","          25","15-30 years old","High Activity","Orion Club Gold","        16.6"
"  1232554759","          92","121068","Retail","US","M","Lendon Celii","Orion Club members low activity","       22363","       22363","         622","       42.15","        84.1","           1","230100600022","Expedition10,Medium,","Sleepingbags","Outdoors","Outdoors","DK","         755","Top Sports","          64","61-75 years old","Low Activity","Orion Club","       41.95"
"  1232590052","         195","120160","Retail","AU","M","Cosi Rimmington","Orion Club members low activity","       22369","       22369","         680","        21.6","        51.8","           1","240400300013","Anthony Women's Tenn","Tennis","Racket Sports","Sports","US","        4646","Mayday Inc","          64","61-75 years old","Low Activity","Orion Club","        30.2"
"  1232601472","          89","99999999","Catalog","US","F","Wynella Lewis","Orion  Club members high activity","       22370","       22373","       -3017","        34.1","       173.2","           2","230100500094","Men's Pants, Basic","Outdoor Gear","Outdoors","Outdoors","US","        4646","Mayday Inc","          74","61-75 years old","High Activity","Orion Club","         105"
"  1232618023","       54655","99999999","Catalog","CA","F","Lauren Marx","Internet/Catalog Customers","       22373","       22376","        9726","       47.95","        95.7","           1","240200100183","Proplay Men's Tour F","Golf","Golf","Sports","NL","        2995","Van Dammeren Interna","          39","31-45 years old","Not Available","Internet/Catalog Customers","       47.75"
"  1232648239","          49","121031","Retail","US","F","Annmarie Leveille","Orion Club Gold members high activity","       22377","       22385","       15172","         2.3","         6.5","           1","210201000126","Toddler Footwear Soc","Tracker Kid's Clothe","Children Sports","Children","US","        2963","3Top Sports","          25","15-30 years old","High Activity","Orion Club Gold","         4.2"
"  1232654929","           4","99999999","Internet","US","M","James Kvarniq","Orion Club members low activity","       22378","       22379","       11500","       23.75","         214","           4","240500100017","A-team Sweat Round N","Jogging","Running - Jogging","Sports","US","        3298","A Team Sports","          35","31-45 years old","Low Activity","Orion Club","         119"
"  1232672914","       11171","99999999","Internet","CA","M","Bill Cuddy","Orion Club Gold members low activity","       22381","       22383","       15994","        10.2","        38.8","           2","240200100101","Grandslam Staff Tour","Golf","Golf","Sports","US","        3808","Carolina Sports","          22","15-30 years old","Low Activity","Orion Club Gold","        18.4"
"  1232698281","           9","99999999","Internet","DE","F","Cornelia Krahl","Orion Club Gold members medium activity","       22385","       22390","       11380","       14.15","        29.4","           1","230100600035","Polar Bear Sleeping","Sleepingbags","Outdoors","Outdoors","GB","       16422","Outback Outfitters L","          35","31-45 years old","Medium Activity","Orion Club Gold","       15.25"
"  1232709099","           4","121041","Retail","US","M","James Kvarniq","Orion Club members low activity","       22386","       22386","       11500","        7.75","        16.7","           1","220101400145","Essence.baseball Cap","Tracker Clothes","Clothes","Clothes & Shoes","US","        2963","3Top Sports","          35","31-45 years old","Low Activity","Orion Club","        8.95"
"  1232709115","          34","121105","Retail","US","M","Alvan Goheen","Orion Club members low activity","       22386","       22386","       14993","        12.3","        70.8","           3","240700100001","Armour L","American Football","Team Sports","Sports","US","        3298","A Team Sports","          25","15-30 years old","Low Activity","Orion Club","        33.9"
"  1232723799","          41","99999999","Internet","AU","M","Wendell Summersby","Orion  Club members medium activity","       22389","       22393","        8006","        9.25","        21.8","           1","210200600112","O'my Children's T-Sh","N.D. Gear, Kids","Children Sports","Children","ES","        4742","L\u00fcna sastreria","          44","31-45 years old","Medium Activity","Orion Club","       12.55"
"  1232728634","           5","99999999","Catalog","US","F","Sandrina Stephano","Orion Club Gold members medium activity","       22389","       22393","       13339","       76.55","       168.7","           1","240100100403","Proskater Viablade T","Assorted Sports arti","Assorted Sports Arti","Sports","US","        3815","Roll-Over Inc","          30","15-30 years old","Medium Activity","Orion Club Gold","       92.15"
"  1232777080","         215","120151","Retail","AU","M","Ramesh Trentholme","Orion Club Gold members medium activity","       22397","       22397","        2327","       33.25","        73.9","           1","230100500012","Inflatable 3.5","Outdoor Gear","Outdoors","Outdoors","GB","         316","Prime Sports Ltd","          60","46-60 years old","Medium Activity","Orion Club Gold","       40.65"
"  1232790793","         195","120143","Retail","AU","M","Cosi Rimmington","Orion Club members low activity","       22399","       22399","         680","        24.5","        50.1","           1","230100200074","Sioux Men's Backpack","Backpacks","Outdoors","Outdoors","US","       15218","Miller Trading Inc","          64","61-75 years old","Low Activity","Orion Club","        25.6"
"  1232857157","          45","99999999","Catalog","US","F","Dianne Patchin","Orion Club Gold members low activity","       22408","       22412","       13275","        41.4","       172.6","           2","230100600030","Outback Sleeping Bag","Sleepingbags","Outdoors","Outdoors","DK","         755","Top Sports","          30","15-30 years old","Low Activity","Orion Club Gold","        89.8"
"  1232889267","         908","99999999","Catalog","TR","M","Avni Umran","Orion Club Gold members high activity","       22413","       22417","       13489","        61.8","       407.4","           3","230100200054","Trekker 65 Royal Men","Backpacks","Outdoors","Outdoors","AU","       10692","Toto Outdoor Gear","          29","15-30 years old","High Activity","Orion Club Gold","         222"
"  1232897220","          34","121021","Retail","US","M","Alvan Goheen","Orion Club members low activity","       22414","       22414","       14993","         111","       712.2","           3","240100400129","Rollerskate Roller S","Skates","Assorted Sports Arti","Sports","PT","        1684","Magnifico Sports","          25","15-30 years old","Low Activity","Orion Club","       379.2"
"  1232936635","         544","99999999","Catalog","TR","M","Avni Argac","Orion  Club members high activity","       22420","       22421","        7810","        41.4","       172.6","           2","230100600030","Outback Sleeping Bag","Sleepingbags","Outdoors","Outdoors","DK","         755","Top Sports","          45","31-45 years old","High Activity","Orion Club","        89.8"
"  1232946301","         111","99999999","Catalog","AU","F","Karolina Dokter","Orion  Club members medium activity","       22422","       22424","       11684","        23.3","         102","           2","220101400061","2bwet 3 Solid Bikini","Tracker Clothes","Clothes","Clothes & Shoes","US","        2963","3Top Sports","          34","31-45 years old","Medium Activity","Orion Club","        55.4"
"  1232956741","          52","99999999","Internet","US","M","Yan Kozlowski","Orion  Club members medium activity","       22423","       22424","        9592","        16.8","          76","           2","230100500008","Dome Tent Monodome A","Outdoor Gear","Outdoors","Outdoors","GB","         316","Prime Sports Ltd","          40","31-45 years old","Medium Activity","Orion Club","        42.4"
"  1232972274","         171","120145","Retail","AU","M","Robert Bowerman","Orion  Club members high activity","       22426","       22426","       11375","        61.8","       135.8","           1","230100200054","Trekker 65 Royal Men","Backpacks","Outdoors","Outdoors","AU","       10692","Toto Outdoor Gear","          35","31-45 years old","High Activity","Orion Club","          74"
"  1232985693","         183","120122","Retail","AU","M","Duncan Robertshawe","Orion Club members low activity","       22428","       22428","         449","       122.8","         273","           1","240100100186","Barret 3.1 Women's S","Assorted Sports arti","Assorted Sports Arti","Sports","US","        3815","Roll-Over Inc","          65","61-75 years old","Low Activity","Orion Club","       150.2"
"  1232998740","           4","121109","Retail","US","M","James Kvarniq","Orion Club members low activity","       22429","       22429","       11500","       10.23","       80.97","           3","240700100011","Football - Helmet Pr","American Football","Team Sports","Sports","US","        3298","A Team Sports","          35","31-45 years old","Low Activity","Orion Club","       50.28"
"  1233003688","          34","121025","Retail","US","M","Alvan Goheen","Orion Club members low activity","       22430","       22430","       14993","       12.95","        28.6","           1","240100100535","Victor 76 76mm Optic","Assorted Sports arti","Assorted Sports Arti","Sports","PT","        1684","Magnifico Sports","          25","15-30 years old","Low Activity","Orion Club","       15.65"
"  1233049735","       14104","99999999","Internet","IL","M","Zweig, Avinoam","Orion  Club members medium activity","       22437","       22440","        7953","        11.2","        48.8","           2","220101400216","Mm Daypouch Shoulder","Tracker Clothes","Clothes","Clothes & Shoes","US","        2963","3Top Sports","          44","31-45 years old","Medium Activity","Orion Club","        26.4"
"  1233066745","         215","120148","Retail","AU","M","Ramesh Trentholme","Orion Club Gold members medium activity","       22440","       22440","        2327","       42.15","        84.1","           1","230100600022","Expedition10,Medium,","Sleepingbags","Outdoors","Outdoors","DK","         755","Top Sports","          60","46-60 years old","Medium Activity","Orion Club Gold","       41.95"
"  1233078086","          49","121060","Retail","US","F","Annmarie Leveille","Orion Club Gold members high activity","       22441","       22441","       15172","        43.5","       200.2","           2","220200200071","Twain Men's Exit Low","Shoes","Shoes","Clothes & Shoes","US","       13198","Twain Inc","          25","15-30 years old","High Activity","Orion Club Gold","       113.2"
"  1233092596","          12","121054","Retail","US","M","David Black","Orion  Club members medium activity","       22443","       22443","        9598","         6.7","        15.5","           1","240300100048","Wrist Weight 1.10 Kg","Fitness","Indoor Sports","Sports","NL","       16542","TrimSport B.V.","          40","31-45 years old","Medium Activity","Orion Club","         8.8"
"  1233131266","          45","121084","Retail","US","F","Dianne Patchin","Orion Club Gold members low activity","       22449","       22449","       13275","         7.9","        39.2","           2","240400300039","Smasher Tights","Tennis","Racket Sports","Sports","GB","        1280","British Sports Ltd","          30","15-30 years old","Low Activity","Orion Club Gold","        23.4"
"  1233166411","         171","120121","Retail","AU","M","Robert Bowerman","Orion  Club members high activity","       22455","       22455","       11375","        4.15","        10.1","           1","240100100734","Wyoming Men's Socks","Assorted Sports arti","Assorted Sports Arti","Sports","ES","        4742","L\u00fcna sastreria","          35","31-45 years old","High Activity","Orion Club","        5.95"
"  1233167161","       70187","99999999","Catalog","CA","F","Soberina Berent","Orion  Club members medium activity","       22455","       22460","       15975","       52.55","         237","           2","240200100095","Grandslam Staff Fs C","Golf","Golf","Sports","GB","       17832","GrandSlam Sporting G","          22","15-30 years old","Medium Activity","Orion Club","       131.9"
"  1233243603","          49","121109","Retail","US","F","Annmarie Leveille","Orion Club Gold members high activity","       22466","       22466","       15172","         2.2","         8.4","           2","240700200004","Baseball Orange Smal","Baseball","Team Sports","Sports","US","       14648","Top Sports Inc","          25","15-30 years old","High Activity","Orion Club Gold","           4"
"  1233248920","       19444","99999999","Catalog","IL","M","Zweig, Avinoam","Orion  Club members high activity","       22467","       22472","        6115","       36.35","       171.2","           2","220100700042","Power Women's Dmx Wi","Orion","Clothes","Clothes & Shoes","CA","       16733","Fuller Trading Co.","          49","46-60 years old","High Activity","Orion Club","        98.5"
"  1233280857","       70059","99999999","Internet","CA","M","Colin Byarley","Orion  Club members medium activity","       22472","       22476","       -3268","       29.05","       173.7","           3","220100100609","Woman's Sweatshirt w","Eclipse Clothing","Clothes","Clothes & Shoes","US","        1303","Eclipse Inc","          75","61-75 years old","Medium Activity","Orion Club","       86.55"
"  1233315988","           5","121053","Retail","US","F","Sandrina Stephano","Orion Club Gold members medium activity","       22477","       22477","       13339","        39.7","        87.2","           1","240300200018","Cougar Fleece Jacket","Gymnastic Clothing","Indoor Sports","Sports","US","       13710","SD Sporting Goods In","          30","15-30 years old","Medium Activity","Orion Club Gold","        47.5"
"  1233378724","          13","99999999","Catalog","DE","M","Markus Sepke","Orion Club Gold members low activity","       22487","       22490","       16638","         6.9","        14.1","           1","240300100046","Weight  5.0 Kg","Fitness","Indoor Sports","Sports","NL","       16542","TrimSport B.V.","          21","15-30 years old","Low Activity","Orion Club Gold","         7.2"
"  1233482761","          34","121105","Retail","US","M","Alvan Goheen","Orion Club members low activity","       22502","       22502","       14993","       10.35","        38.8","           2","240700200021","Helmet XL","Baseball","Team Sports","Sports","US","       15218","Miller Trading Inc","          25","15-30 years old","Low Activity","Orion Club","        18.1"
"  1233484749","        2550","99999999","Internet","ZA","F","Sanelisiwe Collier","Orion Club Gold members low activity","       22502","       22507","       16624","      125.85","       503.6","           2","240100400098","Rollerskate  Roller","Skates","Assorted Sports Arti","Sports","PT","        1684","Magnifico Sports","          21","15-30 years old","Low Activity","Orion Club Gold","       251.9"
"  1233514453","       70201","99999999","Internet","CA","F","Angel Borwick","Orion Club Gold members low activity","       22507","       22512","        9849","       73.85","       553.5","        3000","240200200060","Eagle Windstopper Kn","Golf Clothes","Golf","Sports","US","       10225","HighPoint Trading","          39","31-45 years old","Low Activity","Orion Club Gold","   -220996.5"
"  1233531965","         215","120123","Retail","AU","M","Ramesh Trentholme","Orion Club Gold members medium activity","       22510","       22510","        2327","        54.8","         114","           1","240100400112","Rollerskate Roller S","Skates","Assorted Sports Arti","Sports","PT","        1684","Magnifico Sports","          60","46-60 years old","Medium Activity","Orion Club Gold","        59.2"
"  1233543560","           4","99999999","Internet","US","M","James Kvarniq","Orion Club members low activity","       22511","       22512","       11500","          28","       201.9","           3","240500200083","Force Technical Jack","Running Clothes","Running - Jogging","Sports","BE","        5922","Force Sports","          35","31-45 years old","Low Activity","Orion Club","       117.9"
"  1233545775","          41","120134","Retail","AU","M","Wendell Summersby","Orion  Club members medium activity","       22512","       22512","        8006","        11.8","        49.4","           2","240200100007","Ball Bag","Golf","Golf","Sports","NL","        2995","Van Dammeren Interna","          44","31-45 years old","Medium Activity","Orion Club","        25.8"
"  1233545781","         215","120150","Retail","AU","M","Ramesh Trentholme","Orion Club Gold members medium activity","       22512","       22512","        2327","        2.85","         6.2","           1","230100500020","Pocket Light with Cr","Outdoor Gear","Outdoors","Outdoors","GB","         316","Prime Sports Ltd","          60","46-60 years old","Medium Activity","Orion Club Gold","        3.35"
"  1233618453","         215","120177","Retail","AU","M","Ramesh Trentholme","Orion Club Gold members medium activity","       22523","       22523","        2327","       38.25","        73.4","           1","240700400020","Norwood Player Shirt","Soccer","Team Sports","Sports","US","       14593","Fga Sports Inc","          60","46-60 years old","Medium Activity","Orion Club Gold","       35.15"
"  1233682051","           5","99999999","Catalog","US","F","Sandrina Stephano","Orion Club Gold members medium activity","       22532","       22536","       13339","       18.65","        43.4","           1","240100100676","Roth T-Shirt","Assorted Sports arti","Assorted Sports Arti","Sports","ES","        4742","L\u00fcna sastreria","          30","15-30 years old","Medium Activity","Orion Club Gold","       24.75"
"  1233689304","          49","121053","Retail","US","F","Annmarie Leveille","Orion Club Gold members high activity","       22533","       22533","       15172","      229.65","      1514.4","           3","240300300070","Top Men's R&D Ultima","Top Trim","Indoor Sports","Sports","US","       14648","Top Sports Inc","          25","15-30 years old","High Activity","Orion Club Gold","      825.45"
"  1233837302","         195","120148","Retail","AU","M","Cosi Rimmington","Orion Club members low activity","       22556","       22556","         680","      109.55","         990","           4","230100500026","Trekking Tent","Outdoor Gear","Outdoors","Outdoors","GB","         316","Prime Sports Ltd","          64","61-75 years old","Low Activity","Orion Club","       551.8"
"  1233895201","         111","99999999","Catalog","AU","F","Karolina Dokter","Orion  Club members medium activity","       22565","       22567","       11684","        12.9","        25.6","           1","220100100371","Northern Fleece Scar","Eclipse Clothing","Clothes","Clothes & Shoes","US","        1303","Eclipse Inc","          34","31-45 years old","Medium Activity","Orion Club","        12.7"
"  1233913196","         544","99999999","Catalog","TR","M","Avni Argac","Orion  Club members high activity","       22567","       22568","        7810","       11.75","        29.3","           1","230100400012","Breaker Russia Cap","Knitted Accessories","Outdoors","Outdoors","DK","        4793","Norsok A/S","          45","31-45 years old","High Activity","Orion Club","       17.55"
"  1233920795","          52","121135","Retail","US","M","Yan Kozlowski","Orion  Club members medium activity","       22568","       22568","        9592","        48.1","       120.4","           1","240800200010","Black Morphe","Winter Sports","Winter Sports","Sports","CA","       16814","CrystalClear Optics","          40","31-45 years old","Medium Activity","Orion Club","        72.3"
"  1233920805","          52","121064","Retail","US","M","Yan Kozlowski","Orion  Club members medium activity","       22568","       22568","        9592","         3.5","           8","           1","230100500056","Knife","Outdoor Gear","Outdoors","Outdoors","US","        4718","KN Outdoor Trading I","          40","31-45 years old","Medium Activity","Orion Club","         4.5"
"  1233998114","       19873","99999999","Catalog","IL","M","Tuvia, Avinoam","Orion Club Gold members high activity","       22580","       22587","       15140","       29.95","        59.7","           1","220100100101","Big Guy Men's Chaser","Eclipse Clothing","Clothes","Clothes & Shoes","US","        1303","Eclipse Inc","          25","15-30 years old","High Activity","Orion Club Gold","       29.75"
"  1234033037","          92","121039","Retail","US","M","Lendon Celii","Orion Club members low activity","       22585","       22585","         622","       22.75","        53.7","           1","220100700022","Alexis Women's Class","Orion","Clothes","Clothes & Shoes","CA","       16733","Fuller Trading Co.","          64","61-75 years old","Low Activity","Orion Club","       30.95"
"  1234092222","          75","121069","Retail","US","M","Mikel Spetz","Orion Club members low activity","       22594","       22594","       15144","         3.1","         7.2","           1","230100500023","Proofing Spray","Outdoor Gear","Outdoors","Outdoors","GB","         316","Prime Sports Ltd","          25","15-30 years old","Low Activity","Orion Club","         4.1"
"  1234133789","         195","120123","Retail","AU","M","Cosi Rimmington","Orion Club members low activity","       22601","       22601","         680","      165.95","       328.3","           1","240100400046","Perfect Fit Men's St","Skates","Assorted Sports Arti","Sports","US","       13198","Twain Inc","          64","61-75 years old","Low Activity","Orion Club","      162.35"
"  1234186330","          53","120121","Retail","AU","F","Dericka Pockran","Orion  Club members high activity","       22609","       22609","        4188","       97.75","       200.1","           1","240100400095","Rollerskate Roller S","Skates","Assorted Sports Arti","Sports","PT","        1684","Magnifico Sports","          55","46-60 years old","High Activity","Orion Club","      102.35"
"  1234198497","          49","121035","Retail","US","F","Annmarie Leveille","Orion Club Gold members high activity","       22610","       22610","       15172","       17.35","          39","           1","210200100017","Sweatshirt Children'","A-Team, Kids","Children Sports","Children","US","        3298","A Team Sports","          25","15-30 years old","High Activity","Orion Club Gold","       21.65"
"  1234235150","       54655","99999999","Catalog","CA","F","Lauren Marx","Internet/Catalog Customers","       22616","       22619","        9726","       73.85","         369","           2","240200200060","Eagle Windstopper Kn","Golf Clothes","Golf","Sports","US","       10225","HighPoint Trading","          39","31-45 years old","Not Available","Internet/Catalog Customers","       221.3"
"  1234247283","          49","121042","Retail","US","F","Annmarie Leveille","Orion Club Gold members high activity","       22617","       22617","       15172","       40.75","       187.2","           2","220100400023","Ultra W802 All Terra","LSF","Clothes","Clothes & Shoes","US","        5503","Ultra Sporting Goods","          25","15-30 years old","High Activity","Orion Club Gold","       105.7"
"  1234255111","          17","121135","Retail","US","M","Jimmie Evans","Orion  Club members medium activity","       22618","       22618","        4246","        39.9","       257.4","           3","240800100039","Garbo Fleece Jacket","Ski Dress","Winter Sports","Sports","US","       15218","Miller Trading Inc","          54","46-60 years old","Medium Activity","Orion Club","       137.7"
"  1234279341","          23","99999999","Catalog","US","M","Tulio D\u00e9vereaux","Internet/Catalog Customers","       22622","       22626","        2527","        48.6","       116.7","           1","230100500092","Mayday Sports Pullov","Outdoor Gear","Outdoors","Outdoors","US","        4646","Mayday Inc","          59","46-60 years old","Not Available","Internet/Catalog Customers","        68.1"
"  1234301319","          92","121109","Retail","US","M","Lendon Celii","Orion Club members low activity","       22625","       22625","         622","        10.1","       105.6","           4","240700200010","Bat - Home Run S","Baseball","Team Sports","Sports","US","       15218","Miller Trading Inc","          64","61-75 years old","Low Activity","Orion Club","        65.2"
"  1234323012","       70210","99999999","Internet","CA","M","Alex Santinello","Orion  Club members medium activity","       22629","       22630","       15817","        6.75","        29.2","           2","240200100098","Grandslam Staff Grip","Golf","Golf","Sports","US","        3808","Carolina Sports","          23","15-30 years old","Medium Activity","Orion Club","        15.7"
"  1234348668","           4","121069","Retail","US","M","James Kvarniq","Orion Club members low activity","       22632","       22632","       11500","        20.9","        92.6","           2","230100100053","Monster Men's Pants","Anoraks & Parkas","Outdoors","Outdoors","NO","          50","Scandinavian Clothin","          35","31-45 years old","Low Activity","Orion Club","        50.8"
"  1234360543","          17","121071","Retail","US","M","Jimmie Evans","Orion  Club members medium activity","       22634","       22634","        4246","        25.4","       110.2","           2","230100100033","Big Guy Men's Packab","Anoraks & Parkas","Outdoors","Outdoors","US","       15218","Miller Trading Inc","          54","46-60 years old","Medium Activity","Orion Club","        59.4"
"  1234373539","          12","121069","Retail","US","M","David Black","Orion  Club members medium activity","       22636","       22636","        9598","        58.9","       226.2","           2","230100100013","Jacket with Removabl","Anoraks & Parkas","Outdoors","Outdoors","US","         772","AllSeasons Outdoor C","          40","31-45 years old","Medium Activity","Orion Club","       108.4"
"  1234414529","         111","120123","Retail","AU","F","Karolina Dokter","Orion  Club members medium activity","       22643","       22643","       11684","       18.15","        90.4","           2","240100100654","Montevideo Men's Sho","Assorted Sports arti","Assorted Sports Arti","Sports","ES","        4742","L\u00fcna sastreria","          34","31-45 years old","Medium Activity","Orion Club","        54.1"
"  1234419240","          17","121109","Retail","US","M","Jimmie Evans","Orion  Club members medium activity","       22643","       22643","        4246","        9.75","      119.95","           5","240700100013","Football - Helmet XL","American Football","Team Sports","Sports","US","        3298","A Team Sports","          54","46-60 years old","Medium Activity","Orion Club","        71.2"
"  1234437760","         195","120150","Retail","AU","M","Cosi Rimmington","Orion Club members low activity","       22647","       22647","         680","       48.45","       193.4","           2","230100600028","Expedition 20,Medium","Sleepingbags","Outdoors","Outdoors","DK","         755","Top Sports","          64","61-75 years old","Low Activity","Orion Club","        96.5"
"  1234534069","          36","99999999","Internet","US","M","Phenix Hill","Internet/Catalog Customers","       22656","       22659","        7762","       58.55","       525.2","           4","240800100026","Additive Women's Ski","Ski Dress","Winter Sports","Sports","NO","          50","Scandinavian Clothin","          45","31-45 years old","Not Available","Internet/Catalog Customers","         291"
"  1234537441","         183","120121","Retail","AU","M","Duncan Robertshawe","Orion Club members low activity","       22657","       22657","         449","        6.35","          16","           1","240100200001","Aim4it 16 Gram Softt","Darts","Assorted Sports Arti","Sports","GB","        4514","Royal Darts Ltd","          65","61-75 years old","Low Activity","Orion Club","        9.65"
"  1234538390","          16","99999999","Catalog","DE","M","Ulrich Heyde","Internet/Catalog Customers","       22657","       22659","       -1446","        52.4","         115","           1","220200300015","Men's Running Shoes","Tracker Shoes","Shoes","Clothes & Shoes","US","        2963","3Top Sports","          70","61-75 years old","Not Available","Internet/Catalog Customers","        62.6"
"  1234588648","          16","99999999","Catalog","DE","M","Ulrich Heyde","Internet/Catalog Customers","       22662","       22664","       -1446","        62.5","       138.7","           1","230100500101","Ultra Ht Lightning S","Outdoor Gear","Outdoors","Outdoors","US","         772","AllSeasons Outdoor C","          70","61-75 years old","Not Available","Internet/Catalog Customers","        76.2"
"  1234659163","          16","99999999","Catalog","DE","M","Ulrich Heyde","Internet/Catalog Customers","       22669","       22671","       -1446","       245.8","       504.2","           1","230100700008","Family Holiday 4","Tents","Outdoors","Outdoors","SE","         109","Petterson AB","          70","61-75 years old","Not Available","Internet/Catalog Customers","       258.4"
"  1234665265","          63","99999999","Catalog","US","M","James Klisurich","Orion Club Gold members medium activity","       22669","       22670","        9855","        9.75","        48.4","           2","240100100063","Grey Met.","Assorted Sports arti","Assorted Sports Arti","Sports","CA","       16814","CrystalClear Optics","          39","31-45 years old","Medium Activity","Orion Club Gold","        28.9"
"  1234709803","         171","99999999","Internet","AU","M","Robert Bowerman","Orion  Club members high activity","       22674","       22678","       11375","       30.75","       122.6","           2","220100100304","Big Guy Men's Victor","Eclipse Clothing","Clothes","Clothes & Shoes","US","        1303","Eclipse Inc","          35","31-45 years old","High Activity","Orion Club","        61.1"
"  1234727966","         183","120179","Retail","AU","M","Duncan Robertshawe","Orion Club members low activity","       22676","       22676","         449","        5.95","        13.2","           1","240700400004","Red Scarf","Soccer","Team Sports","Sports","GB","        6071","SportsFan Products L","          65","61-75 years old","Low Activity","Orion Club","        7.25"
"  1234891576","       70221","99999999","Internet","CA","M","Kenan Talarr","Orion  Club members high activity","       22692","       22694","        7711","       86.65","       183.9","           1","240200100226","Rubby Men's Golf Sho","Golf","Golf","Sports","ES","        4168","Rubby Zapatos S.A.","          45","31-45 years old","High Activity","Orion Club","       97.25"
"  1234897732","          18","121021","Retail","US","M","Tonie Asmussen","Orion Club members low activity","       22692","       22692","        4050","        84.9","       197.9","           1","240100100672","Ribstop Jacket","Assorted Sports arti","Assorted Sports Arti","Sports","ES","        4742","L\u00fcna sastreria","          55","46-60 years old","Low Activity","Orion Club","         113"
"  1234958242","          24","99999999","Catalog","US","F","Robyn Klem","Internet/Catalog Customers","       22698","       22703","        5997","         5.4","        11.9","           1","230100500016","Money Purse, Black","Outdoor Gear","Outdoors","Outdoors","DK","         755","Top Sports","          50","46-60 years old","Not Available","Internet/Catalog Customers","         6.5"
"  1234972570","          16","99999999","Catalog","DE","M","Ulrich Heyde","Internet/Catalog Customers","       22700","       22702","       -1446","       34.45","        68.7","           1","230100200048","Medium Olive Olive/B","Backpacks","Outdoors","Outdoors","DK","         755","Top Sports","          70","61-75 years old","Not Available","Internet/Catalog Customers","       34.25"
"  1235176942","       11171","99999999","Internet","CA","M","Bill Cuddy","Orion Club Gold members low activity","       22719","       22721","       15994","         1.2","         2.7","           1","240200100021","Tee Holder","Golf","Golf","Sports","NL","        2995","Van Dammeren Interna","          22","15-30 years old","Low Activity","Orion Club Gold","         1.5"
"  1235236723","         215","120160","Retail","AU","M","Ramesh Trentholme","Orion Club Gold members medium activity","       22725","       22725","        2327","       115.6","       254.2","           1","240400200094","Smasher Super Rq Ti","Racket Sports","Racket Sports","Sports","GB","        1280","British Sports Ltd","          60","46-60 years old","Medium Activity","Orion Club Gold","       138.6"
"  1235275513","          89","121043","Retail","US","F","Wynella Lewis","Orion  Club members high activity","       22728","       22728","       -3017","       14.95","        29.7","           1","220100100241","Big Guy Men's Santos","Eclipse Clothing","Clothes","Clothes & Shoes","US","        1303","Eclipse Inc","          74","61-75 years old","High Activity","Orion Club","       14.75"
"  1235306679","         111","120122","Retail","AU","F","Karolina Dokter","Orion  Club members medium activity","       22732","       22732","       11684","        22.8","        55.4","           1","240100200014","Pacific 95% 23 Gram","Darts","Assorted Sports Arti","Sports","GB","        4514","Royal Darts Ltd","          34","31-45 years old","Medium Activity","Orion Club","        32.6"
"  1235384426","          63","121109","Retail","US","M","James Klisurich","Orion Club Gold members medium activity","       22739","       22739","        9855","         9.1","       21.99","           1","240700100012","Football - Helmet S","American Football","Team Sports","Sports","US","        3298","A Team Sports","          39","31-45 years old","Medium Activity","Orion Club Gold","       12.89"
"  1235591214","          16","99999999","Catalog","DE","M","Ulrich Heyde","Internet/Catalog Customers","       22760","       22762","       -1446","       38.95","        93.4","           1","240400200022","Aftm 95 Vf Long Bg-6","Racket Sports","Racket Sports","Sports","GB","        1280","British Sports Ltd","          70","61-75 years old","Not Available","Internet/Catalog Customers","       54.45"
"  1235611754","          16","99999999","Catalog","DE","M","Ulrich Heyde","Internet/Catalog Customers","       22762","       22764","       -1446","       14.35","        71.4","           2","240400300033","Smasher Polo-Shirt w","Tennis","Racket Sports","Sports","GB","        1280","British Sports Ltd","          70","61-75 years old","Not Available","Internet/Catalog Customers","        42.7"
"  1235744141","          16","99999999","Catalog","DE","M","Ulrich Heyde","Internet/Catalog Customers","       22775","       22777","       -1446","       30.35","         146","           2","230100500081","Lucky Tech Classic R","Outdoor Gear","Outdoors","Outdoors","US","         772","AllSeasons Outdoor C","          70","61-75 years old","Not Available","Internet/Catalog Customers","        85.3"
"  1235830338","          24","99999999","Catalog","US","F","Robyn Klem","Internet/Catalog Customers","       22783","       22789","        5997","        46.1","          92","           1","220200100202","Woman's Air Rasp Sue","Eclipse Shoes","Shoes","Clothes & Shoes","US","        1303","Eclipse Inc","          50","46-60 years old","Not Available","Internet/Catalog Customers","        45.9"
"  1235856852","         171","120127","Retail","AU","M","Robert Bowerman","Orion  Club members high activity","       22786","       22786","       11375","       13.95","        27.7","           1","220100100019","Fit Racing Cap","Eclipse Clothing","Clothes","Clothes & Shoes","US","        1303","Eclipse Inc","          35","31-45 years old","High Activity","Orion Club","       13.75"
"  1235881915","          36","99999999","Internet","US","M","Phenix Hill","Internet/Catalog Customers","       22788","       22791","        7762","        5.95","        26.4","           2","240700400004","Red Scarf","Soccer","Team Sports","Sports","GB","        6071","SportsFan Products L","          45","31-45 years old","Not Available","Internet/Catalog Customers","        14.5"
"  1235913793","          49","121040","Retail","US","F","Annmarie Leveille","Orion Club Gold members high activity","       22791","       22791","       15172","        11.6","        26.7","           1","220101200025","Tyfoon Ketch T-Shirt","Street Wear","Clothes","Clothes & Shoes","AU","       11427","Typhoon Clothing","          25","15-30 years old","High Activity","Orion Club Gold","        15.1"
"  1235926178","          79","99999999","Internet","US","F","Najma Hicks","Orion  Club members medium activity","       22792","       22799","       15727","        7.05","          36","           2","210200200022","Sunfit Slow Swimming","Bathing Suits, Kids","Children Sports","Children","US","        6153","Nautlius SportsWear","          23","15-30 years old","Medium Activity","Orion Club","        21.9"
"  1235963427","       12386","99999999","Catalog","IL","M","Zweig, Avinoam","Internet/Catalog Customers","       22796","       22797","        5976","        49.8","       313.8","           3","220100700024","Armadillo Road Dmx W","Orion","Clothes","Clothes & Shoes","CA","       16733","Fuller Trading Co.","          50","46-60 years old","Not Available","Internet/Catalog Customers","       164.4"
"  1236017640","         183","120127","Retail","AU","M","Duncan Robertshawe","Orion Club members low activity","       22802","       22802","         449","        25.7","        57.7","           1","220101400092","Casual Logo Men's Sw","Tracker Clothes","Clothes","Clothes & Shoes","US","        2963","3Top Sports","          65","61-75 years old","Low Activity","Orion Club","          32"
"  1236028541","           9","99999999","Internet","DE","F","Cornelia Krahl","Orion Club Gold members medium activity","       22803","       22808","       11380","         3.5","          16","           2","230100500056","Knife","Outdoor Gear","Outdoors","Outdoors","US","        4718","KN Outdoor Trading I","          35","31-45 years old","Medium Activity","Orion Club Gold","           9"
"  1236055696","          10","121136","Retail","US","F","Karen Ballinger","Orion  Club members high activity","       22805","       22805","       15266","      121.75","       292.5","           1","240800100041","Helmsdale Ski Jacket","Ski Dress","Winter Sports","Sports","US","         772","AllSeasons Outdoor C","          24","15-30 years old","High Activity","Orion Club","      170.75"
"  1236066649","         908","99999999","Catalog","TR","M","Avni Umran","Orion Club Gold members high activity","       22806","       22810","       13489","       18.75","        46.7","           1","230100300010","Massif Dual Gloves","Gloves & Mittens","Outdoors","Outdoors","FR","       13199","Massif S.A.","          29","15-30 years old","High Activity","Orion Club Gold","       27.95"
"  1236113431","          36","99999999","Internet","US","M","Phenix Hill","Internet/Catalog Customers","       22811","       22814","        7762","        5.45","        25.8","           2","230100200066","Deer Waist Bag","Backpacks","Outdoors","Outdoors","ES","        4742","L\u00fcna sastreria","          45","31-45 years old","Not Available","Internet/Catalog Customers","        14.9"
"  1236128445","       26148","99999999","Catalog","CA","M","Andreas Rennie","Orion  Club members medium activity","       22813","       22815","       -3089","       44.95","       174.4","           2","240200100053","Bretagne Stabilities","Golf","Golf","Sports","NL","        2995","Van Dammeren Interna","          75","61-75 years old","Medium Activity","Orion Club","        84.5"
"  1236128456","          16","99999999","Catalog","DE","M","Ulrich Heyde","Internet/Catalog Customers","       22813","       22815","       -1446","        3.45","        16.8","           2","230100500006","Collapsible Water Ca","Outdoor Gear","Outdoors","Outdoors","GB","         316","Prime Sports Ltd","          70","61-75 years old","Not Available","Internet/Catalog Customers","         9.9"
"  1236183578","          23","99999999","Catalog","US","M","Tulio D\u00e9vereaux","Internet/Catalog Customers","       22818","       22823","        2527","        24.5","       110.4","           2","240500100026","Men's Sweat Pants wi","Jogging","Running - Jogging","Sports","US","        3298","A Team Sports","          59","46-60 years old","Not Available","Internet/Catalog Customers","        61.4"
"  1236349115","          92","121051","Retail","US","M","Lendon Celii","Orion Club members low activity","       22834","       22834","         622","        49.6","         396","           4","240200100221","Rosefinch Cart 8 1/2","Golf","Golf","Sports","NL","        2995","Van Dammeren Interna","          64","61-75 years old","Low Activity","Orion Club","       197.6"
"  1236369939","         111","120123","Retail","AU","F","Karolina Dokter","Orion  Club members medium activity","       22837","       22837","       11684","        87.4","       191.6","           1","240100100365","Northern Coach","Assorted Sports arti","Assorted Sports Arti","Sports","GB","       12283","EA Sports Limited","          34","31-45 years old","Medium Activity","Orion Club","       104.2"
"  1236483576","       70108","99999999","Catalog","CA","M","Patrick Leach","Orion Club members low activity","       22848","       22859","       -1357","          10","        74.8","           4","240200200071","Hi-fly Strata Cap Of","Golf Clothes","Golf","Sports","NL","        2995","Van Dammeren Interna","          70","61-75 years old","Low Activity","Orion Club","        34.8"
"  1236673732","           9","99999999","Internet","DE","F","Cornelia Krahl","Orion Club Gold members medium activity","       22867","       22872","       11380","       250.7","      1542.6","           3","230100700008","Family Holiday 4","Tents","Outdoors","Outdoors","SE","         109","Petterson AB","          35","31-45 years old","Medium Activity","Orion Club Gold","       790.5"
"  1236694462","       70221","99999999","Internet","CA","M","Kenan Talarr","Orion  Club members high activity","       22869","       22871","        7711","        19.9","        82.4","           2","240200100056","Carolina","Golf","Golf","Sports","US","        3808","Carolina Sports","          45","31-45 years old","High Activity","Orion Club","        42.6"
"  1236701935","          34","121027","Retail","US","M","Alvan Goheen","Orion Club members low activity","       22869","       22869","       14993","       11.05","        43.8","           2","210200300052","Tony's Cut & Sew T-S","Eclipse, Kid's Cloth","Children Sports","Children","US","        1303","Eclipse Inc","          25","15-30 years old","Low Activity","Orion Club","        21.7"
"  1236783056","         183","120136","Retail","AU","M","Duncan Robertshawe","Orion Club members low activity","       22878","       22878","         449","        41.7","       183.6","           2","240300200058","Cougar Windbreaker V","Gymnastic Clothing","Indoor Sports","Sports","US","       13710","SD Sporting Goods In","          65","61-75 years old","Low Activity","Orion Club","       100.2"
"  1236852196","         215","120170","Retail","AU","M","Ramesh Trentholme","Orion Club Gold members medium activity","       22885","       22885","        2327","        21.9","        55.3","           1","240600100016","Swim Suit Fabulo","Bathing Suits","Swim Sports","Sports","US","        6153","Nautlius SportsWear","          60","46-60 years old","Medium Activity","Orion Club Gold","        33.4"
"  1236923123","        3959","99999999","Internet","ZA","F","Rita Lotz","Orion Club Gold members high activity","       22891","       22892","        7725","         1.3","         3.7","           1","240100100031","Capsy Hood","Assorted Sports arti","Assorted Sports Arti","Sports","US","        6153","Nautlius SportsWear","          45","31-45 years old","High Activity","Orion Club Gold","         2.4"
"  1236965430","       70165","99999999","Internet","CA","F","Portia Reynoso","Orion Club members low activity","       22896","       22906","        7712","        6.65","          27","           2","240200100050","Bretagne St2 Men's G","Golf","Golf","Sports","NL","        2995","Van Dammeren Interna","          45","31-45 years old","Low Activity","Orion Club","        13.7"
"  1237165927","          79","99999999","Internet","US","F","Najma Hicks","Orion  Club members medium activity","       22915","       22926","       15727","        17.1","        76.8","           2","240500100057","Woman Sweat with Rou","Jogging","Running - Jogging","Sports","US","        3298","A Team Sports","          23","15-30 years old","Medium Activity","Orion Club","        42.6"
"  1237218771","         111","120143","Retail","AU","F","Karolina Dokter","Orion  Club members medium activity","       22921","       22921","       11684","        11.9","        26.1","           1","230100500072","Single Full Box Madr","Outdoor Gear","Outdoors","Outdoors","GB","         316","Prime Sports Ltd","          34","31-45 years old","Medium Activity","Orion Club","        14.2"
"  1237272696","         195","120124","Retail","AU","M","Cosi Rimmington","Orion Club members low activity","       22926","       22926","         680","       39.95","       186.6","           2","240100400069","Pro-roll Panga Rolle","Skates","Assorted Sports Arti","Sports","PT","        1684","Magnifico Sports","          64","61-75 years old","Low Activity","Orion Club","       106.7"
"  1237327705","          10","121043","Retail","US","F","Karen Ballinger","Orion  Club members high activity","       22931","       22931","       15266","       26.55","        52.9","           1","220100100298","Big Guy Men's Twill","Eclipse Clothing","Clothes","Clothes & Shoes","US","        1303","Eclipse Inc","          24","15-30 years old","High Activity","Orion Club","       26.35"
"  1237331045","        2618","99999999","Internet","ZA","M","Theunis Brazier","Orion  Club members medium activity","       22931","       22936","        2271","         7.8","        16.3","           1","240100100366","Northern Liquid Belt","Assorted Sports arti","Assorted Sports Arti","Sports","GB","       12283","EA Sports Limited","          60","46-60 years old","Medium Activity","Orion Club","         8.5"
"  1237370327","          41","120145","Retail","AU","M","Wendell Summersby","Orion  Club members medium activity","       22936","       22936","        8006","       42.45","        88.5","           1","230100600031","Outback Sleeping Bag","Sleepingbags","Outdoors","Outdoors","DK","         755","Top Sports","          44","31-45 years old","Medium Activity","Orion Club","       46.05"
"  1237450174","         171","99999999","Internet","AU","M","Robert Bowerman","Orion  Club members high activity","       22944","       22948","       11375","       18.35","        77.2","           2","220100800001","Bra Top Wom.Fitn.Cl","Orion Clothing","Clothes","Clothes & Shoes","CA","       16733","Fuller Trading Co.","          35","31-45 years old","High Activity","Orion Club","        40.5"
"  1237478988","         908","99999999","Catalog","TR","M","Avni Umran","Orion Club Gold members high activity","       22946","       22950","       13489","       50.05","        99.9","           1","230100200004","Black/Black","Backpacks","Outdoors","Outdoors","DK","         755","Top Sports","          29","15-30 years old","High Activity","Orion Club Gold","       49.85"
"  1237507462","        1100","99999999","Catalog","TR","M","Ahmet Canko","Orion Club members low activity","       22949","       22951","        7689","         6.6","          51","           3","230100400025","Mayday Serious Headb","Knitted Accessories","Outdoors","Outdoors","US","        4646","Mayday Inc","          45","31-45 years old","Low Activity","Orion Club","        31.2"
"  1237517484","          79","121081","Retail","US","F","Najma Hicks","Orion  Club members medium activity","       22950","       22950","       15727","        22.6","        54.3","           1","240400300013","Anthony Women's Tenn","Tennis","Racket Sports","Sports","US","        4646","Mayday Inc","          23","15-30 years old","Medium Activity","Orion Club","        31.7"
"  1237670443","          10","99999999","Catalog","US","F","Karen Ballinger","Orion  Club members high activity","       22965","       22970","       15266","          34","        74.8","           1","240800200034","Regulator,Stopsign","Winter Sports","Winter Sports","Sports","CA","       16814","CrystalClear Optics","          24","15-30 years old","High Activity","Orion Club","        40.8"
"  1237695520","          53","120190","Retail","AU","F","Dericka Pockran","Orion  Club members high activity","       22968","       22968","        4188","       39.45","         240","           3","220200100129","Big Guy Men's Intern","Eclipse Shoes","Shoes","Clothes & Shoes","US","        1303","Eclipse Inc","          55","46-60 years old","High Activity","Orion Club","      121.65"
"  1237751376","          10","99999999","Catalog","US","F","Karen Ballinger","Orion  Club members high activity","       22973","       22978","       15266","       138.1","       279.3","           1","240100400043","Perfect Fit Men's  R","Skates","Assorted Sports Arti","Sports","US","       13198","Twain Inc","          24","15-30 years old","High Activity","Orion Club","       141.2"
"  1237789102","          56","121027","Retail","US","M","Roy Siferd","Orion  Club members medium activity","       22977","       22977","       -3256","        25.3","        50.4","           1","210200300007","Hsc Dutch Player Shi","Eclipse, Kid's Cloth","Children Sports","Children","US","        1303","Eclipse Inc","          75","61-75 years old","Medium Activity","Orion Club","        25.1"
"  1237825036","           9","99999999","Internet","DE","F","Cornelia Krahl","Orion Club Gold members medium activity","       22981","       22986","       11380","         7.9","        39.2","           2","240400300039","Smasher Tights","Tennis","Racket Sports","Sports","GB","        1280","British Sports Ltd","          35","31-45 years old","Medium Activity","Orion Club Gold","        23.4"
"  1237890730","           5","121041","Retail","US","F","Sandrina Stephano","Orion Club Gold members medium activity","       22987","       22987","       13339","       16.55","        74.2","           2","220101400265","Ottis Pes Men's Pant","Tracker Clothes","Clothes","Clothes & Shoes","US","        2963","3Top Sports","          30","15-30 years old","Medium Activity","Orion Club Gold","        41.1"
"  1237894107","          29","99999999","Catalog","AU","F","Candy Kinsey","Internet/Catalog Customers","       22988","       22993","       -3099","       29.85","         119","           2","220100700027","Duration Women's Tra","Orion","Clothes","Clothes & Shoes","CA","       16733","Fuller Trading Co.","          75","61-75 years old","Not Available","Internet/Catalog Customers","        59.3"
"  1237894966","       70187","99999999","Catalog","CA","F","Soberina Berent","Orion  Club members medium activity","       22988","       22993","       15975","        6.65","       19.98","           2","240200100050","Bretagne St2 Men's G","Golf","Golf","Sports","NL","        2995","Van Dammeren Interna","          22","15-30 years old","Medium Activity","Orion Club","        6.68"
"  1237928021","          23","99999999","Catalog","US","M","Tulio D\u00e9vereaux","Internet/Catalog Customers","       22991","       22996","        2527","       126.7","       949.8","           3","240800100074","Mayday Soul Pro New","Ski Dress","Winter Sports","Sports","US","        4646","Mayday Inc","          59","46-60 years old","Not Available","Internet/Catalog Customers","       569.7"
"  1237989406","          36","99999999","Internet","US","M","Phenix Hill","Internet/Catalog Customers","       22997","       23000","        7762","        67.4","       318.2","           2","230100100018","Men's Jacket Sandy","Anoraks & Parkas","Outdoors","Outdoors","ES","        4742","L\u00fcna sastreria","          45","31-45 years old","Not Available","Internet/Catalog Customers","       183.4"
"  1238013821","       46966","99999999","Internet","CA","F","Lauren Krasowski","Orion  Club members high activity","       23000","       23001","       16002","       41.65","         312","           3","240200200026","Eagle 5 Pocket Pants","Golf Clothes","Golf","Sports","US","       10225","HighPoint Trading","          22","15-30 years old","High Activity","Orion Club","      187.05"
"  1238053337","           9","99999999","Internet","DE","F","Cornelia Krahl","Orion Club Gold members medium activity","       23004","       23009","       11380","       250.7","       514.2","           1","230100700008","Family Holiday 4","Tents","Outdoors","Outdoors","SE","         109","Petterson AB","          35","31-45 years old","Medium Activity","Orion Club Gold","       263.5"
"  1238161695","          41","99999999","Catalog","AU","M","Wendell Summersby","Orion  Club members medium activity","       23016","       23020","        8006","         3.3","          17","           2","240100100477","Stout Brass 18 Gram","Assorted Sports arti","Assorted Sports Arti","Sports","GB","        4514","Royal Darts Ltd","          44","31-45 years old","Medium Activity","Orion Club","        10.4"
"  1238168538","          63","121064","Retail","US","M","James Klisurich","Orion Club Gold members medium activity","       23016","       23016","        9855","        20.2","        46.9","           1","230100200073","Hammock Sports Bag","Backpacks","Outdoors","Outdoors","ES","        4742","L\u00fcna sastreria","          39","31-45 years old","Medium Activity","Orion Club Gold","        26.7"
"  1238231237","          10","121106","Retail","US","F","Karen Ballinger","Orion  Club members high activity","       23024","       23024","       15266","       10.55","        19.6","           1","240700200021","Helmet XL","Baseball","Team Sports","Sports","US","       15218","Miller Trading Inc","          24","15-30 years old","High Activity","Orion Club","        9.05"
"  1238255107","          88","121039","Retail","US","M","Attila Gibbs","Orion  Club members medium activity","       23027","       23027","        5893","       19.45","        38.7","           1","220100100581","Woman's Out & Sew Ai","Eclipse Clothing","Clothes","Clothes & Shoes","US","        1303","Eclipse Inc","          50","46-60 years old","Medium Activity","Orion Club","       19.25"
"  1238273927","         215","120127","Retail","AU","M","Ramesh Trentholme","Orion Club Gold members medium activity","       23030","       23030","        2327","        24.1","       170.7","           3","220100700022","Alexis Women's Class","Orion","Clothes","Clothes & Shoes","CA","       16733","Fuller Trading Co.","          60","46-60 years old","Medium Activity","Orion Club Gold","        98.4"
"  1238305578","       70210","99999999","Internet","CA","M","Alex Santinello","Orion  Club members medium activity","       23034","       23035","       15817","         7.9","        16.2","           1","240200100246","White 90,Top.Flite S","Golf","Golf","Sports","NL","        2995","Van Dammeren Interna","          23","15-30 years old","Medium Activity","Orion Club","         8.3"
"  1238319276","          52","121025","Retail","US","M","Yan Kozlowski","Orion  Club members medium activity","       23035","       23035","        9592","         4.1","         8.9","           1","240100100305","Hiclass Mundo 78a 36","Assorted Sports arti","Assorted Sports Arti","Sports","US","        3815","Roll-Over Inc","          40","31-45 years old","Medium Activity","Orion Club","         4.8"
"  1238319281","          89","121106","Retail","US","F","Wynella Lewis","Orion  Club members high activity","       23035","       23035","       -3017","         9.3","       22.85","           1","240700100007","Football - Helmet M","American Football","Team Sports","Sports","US","        3298","A Team Sports","          74","61-75 years old","High Activity","Orion Club","       13.55"
"  1238353296","         111","120127","Retail","AU","F","Karolina Dokter","Orion  Club members medium activity","       23040","       23040","       11684","       14.95","        67.2","           2","220101300001","T-Shirt, Short-sleev","T-Shirts","Clothes","Clothes & Shoes","US","        3298","A Team Sports","          34","31-45 years old","Medium Activity","Orion Club","        37.3"
"  1238367238","          31","121044","Retail","US","F","Cynthia Mart\u00ednez","Orion Club Gold members medium activity","       23041","       23041","        6063","       18.35","        38.6","           1","220100800001","Bra Top Wom.Fitn.Cl","Orion Clothing","Clothes","Clothes & Shoes","CA","       16733","Fuller Trading Co.","          49","46-60 years old","Medium Activity","Orion Club Gold","       20.25"
"  1238370259","          19","99999999","Internet","DE","M","Oliver S. F\u00fc\u00d","Orion Club Gold members high activity","       23042","       23047","        7724","       48.45","        96.7","           1","230100600028","Expedition 20,Medium","Sleepingbags","Outdoors","Outdoors","DK","         755","Top Sports","          45","31-45 years old","High Activity","Orion Club Gold","       48.25"
"  1238377562","          41","120151","Retail","AU","M","Wendell Summersby","Orion  Club members medium activity","       23043","       23043","        8006","        38.6","         154","           2","230100600016","Expedition Zero,Medi","Sleepingbags","Outdoors","Outdoors","DK","         755","Top Sports","          44","31-45 years old","Medium Activity","Orion Club","        76.8"
"  1238393448","          10","121073","Retail","US","F","Karen Ballinger","Orion  Club members high activity","       23044","       23044","       15266","        34.1","        86.6","           1","230100500094","Men's Pants, Basic","Outdoor Gear","Outdoors","Outdoors","US","        4646","Mayday Inc","          24","15-30 years old","High Activity","Orion Club","        52.5"
"  1238426415","          19","99999999","Internet","DE","M","Oliver S. F\u00fc\u00d","Orion Club Gold members high activity","       23049","       23054","        7724","      116.85","       283.3","           1","230100700011","Hurricane 4","Tents","Outdoors","Outdoors","SE","         109","Petterson AB","          45","31-45 years old","High Activity","Orion Club Gold","      166.45"
"  1238440880","          52","121042","Retail","US","M","Yan Kozlowski","Orion  Club members medium activity","       23050","       23050","        9592","        26.2","        52.2","           1","220100100530","Woman's Emblished Wo","Eclipse Clothing","Clothes","Clothes & Shoes","US","        1303","Eclipse Inc","          40","31-45 years old","Medium Activity","Orion Club","          26"
"  1238474357","          50","99999999","Catalog","DE","M","Gert-Gunter Mendler","Orion Club Gold members high activity","       23055","       23056","       -3272","      116.85","       566.6","           2","230100700011","Hurricane 4","Tents","Outdoors","Outdoors","SE","         109","Petterson AB","          75","61-75 years old","High Activity","Orion Club Gold","       332.9"
"  1238510159","          71","121054","Retail","US","F","Viola Folsom","Orion Club Gold members medium activity","       23059","       23059","        9762","       18.15","        48.7","           1","240300200009","Blues Jazz Pants Sup","Gymnastic Clothing","Indoor Sports","Sports","SP","         798","Sportico","          39","31-45 years old","Medium Activity","Orion Club Gold","       30.55"
"  1238553101","          19","99999999","Internet","DE","M","Oliver S. F\u00fc\u00d","Orion Club Gold members high activity","       23065","       23070","        7724","        90.4","         217","           1","240400200091","Smasher Rd Ti 70 Ten","Racket Sports","Racket Sports","Sports","GB","        1280","British Sports Ltd","          45","31-45 years old","High Activity","Orion Club Gold","       126.6"
"  1238605995","          88","121033","Retail","US","M","Attila Gibbs","Orion  Club members medium activity","       23071","       23071","        5893","        20.9","        47.9","           1","210201100004","Ypsilon Children's S","Ypsilon, Kids","Children Sports","Children","FR","       14624","Ypsilon S.A.","          50","46-60 years old","Medium Activity","Orion Club","          27"
"  1238637449","          88","121023","Retail","US","M","Attila Gibbs","Orion  Club members medium activity","       23075","       23075","        5893","      209.45","         419","           1","240100400151","Weston F4 Men's Hock","Skates","Assorted Sports Arti","Sports","US","        3815","Roll-Over Inc","          50","46-60 years old","Medium Activity","Orion Club","      209.55"
"  1238646479","          12","121069","Retail","US","M","David Black","Orion  Club members medium activity","       23076","       23076","        9598","       27.25","        56.7","           1","230100200043","Medium Black/Bark Ba","Backpacks","Outdoors","Outdoors","DK","         755","Top Sports","          40","31-45 years old","Medium Activity","Orion Club","       29.45"
"  1238646484","          90","121072","Retail","US","F","Kyndal Hooks","Orion Club Gold members high activity","       23076","       23076","        7883","           5","        24.8","           1","230100300013","Montana Adult Gloves","Gloves & Mittens","Outdoors","Outdoors","SE","        6355","Svensson Trading AB","          44","31-45 years old","High Activity","Orion Club Gold","        19.8"
"  1238674844","          53","120121","Retail","AU","F","Dericka Pockran","Orion  Club members high activity","       23080","       23080","        4188","       19.25","        48.3","           1","240100100508","Top Elite Kit Small","Assorted Sports arti","Assorted Sports Arti","Sports","US","        3815","Roll-Over Inc","          55","46-60 years old","High Activity","Orion Club","       29.05"
"  1238678581","          12","121051","Retail","US","M","David Black","Orion  Club members medium activity","       23080","       23080","        9598","        56.6","       109.3","           1","240200100181","Proplay Men's Tour F","Golf","Golf","Sports","NL","        2995","Van Dammeren Interna","          40","31-45 years old","Medium Activity","Orion Club","        52.7"
"  1238686430","          10","121044","Retail","US","F","Karen Ballinger","Orion  Club members high activity","       23081","       23081","       15266","       18.05","        40.6","           1","220101400201","Kaitum Women's Swim","Tracker Clothes","Clothes","Clothes & Shoes","US","        2963","3Top Sports","          24","15-30 years old","High Activity","Orion Club","       22.55"
"  1238696385","        2806","99999999","Catalog","ZA","F","Raedene Van Den Berg","Orion  Club members medium activity","       23082","       23086","       16695","         7.7","        36.2","           2","240100100312","Hot Mini Backboard B","Assorted Sports arti","Assorted Sports Arti","Sports","NL","        2995","Van Dammeren Interna","          20","15-30 years old","Medium Activity","Orion Club","        20.8"
"  1238712056","          53","120127","Retail","AU","F","Dericka Pockran","Orion  Club members high activity","       23085","       23085","        4188","        48.9","        97.6","           1","220100100185","Big Guy Men's Micro","Eclipse Clothing","Clothes","Clothes & Shoes","US","        1303","Eclipse Inc","          55","46-60 years old","High Activity","Orion Club","        48.7"
"  1238735750","         195","120177","Retail","AU","M","Cosi Rimmington","Orion Club members low activity","       23088","       23088","         680","        40.5","       155.6","           2","240700400020","Norwood Player Shirt","Soccer","Team Sports","Sports","US","       14593","Fga Sports Inc","          64","61-75 years old","Low Activity","Orion Club","        74.6"
"  1238797437","         928","99999999","Catalog","TR","M","Bulent Urfalioglu","Orion Club members low activity","       23095","       23099","        9719","      176.05","       767.8","           2","230100100063","Tx Peak Parka","Anoraks & Parkas","Outdoors","Outdoors","US","       15218","Miller Trading Inc","          39","31-45 years old","Low Activity","Orion Club","       415.7"
"  1238805678","          52","121024","Retail","US","M","Yan Kozlowski","Orion  Club members medium activity","       23096","       23096","        9592","       39.85","        92.8","           1","240100100714","Tybor Sweatshirt wit","Assorted Sports arti","Assorted Sports Arti","Sports","ES","        4742","L\u00fcna sastreria","          40","31-45 years old","Medium Activity","Orion Club","       52.95"
"  1238805703","          89","121039","Retail","US","F","Wynella Lewis","Orion  Club members high activity","       23096","       23096","       -3017","       27.05","        59.4","           1","220101400285","Quali Jacket with Ho","Tracker Clothes","Clothes","Clothes & Shoes","US","        2963","3Top Sports","          74","61-75 years old","High Activity","Orion Club","       32.35"
"  1238812262","       14703","99999999","Catalog","IL","M","Bloch, Eyal","Orion  Club members high activity","       23097","       23100","        9763","       48.25","        96.3","           1","220100100309","Big Guy Men's Woven","Eclipse Clothing","Clothes","Clothes & Shoes","US","        1303","Eclipse Inc","          39","31-45 years old","High Activity","Orion Club","       48.05"
"  1238846184","          88","121056","Retail","US","M","Attila Gibbs","Orion  Club members medium activity","       23101","       23101","        5893","        31.4","        62.6","           1","220200100035","Big Guy Men's Air De","Eclipse Shoes","Shoes","Clothes & Shoes","US","        1303","Eclipse Inc","          50","46-60 years old","Medium Activity","Orion Club","        31.2"
"  1238856867","       70187","99999999","Catalog","CA","F","Soberina Berent","Orion  Club members medium activity","       23103","       23108","       15975","           8","        17.7","           1","220101000002","Carribian Women's Je","Shorts","Clothes","Clothes & Shoes","US","        3298","A Team Sports","          22","15-30 years old","Medium Activity","Orion Club","         9.7"
"  1238870441","          39","121105","Retail","US","M","Alphone Greenwald","Orion Club Gold members high activity","       23104","       23104","       15181","         2.2","         5.1","           1","240700200007","Baseball White Small","Baseball","Team Sports","Sports","US","       14648","Top Sports Inc","          25","15-30 years old","High Activity","Orion Club Gold","         2.9"
"  1238872273","        3959","99999999","Internet","ZA","F","Rita Lotz","Orion Club Gold members high activity","       23104","       23106","        7725","        8.05","        16.4","           1","240100100434","Shoeshine Black","Assorted Sports arti","Assorted Sports Arti","Sports","CA","       16814","CrystalClear Optics","          45","31-45 years old","High Activity","Orion Club Gold","        8.35"
"  1238910092","          89","121042","Retail","US","F","Wynella Lewis","Orion  Club members high activity","       23109","       23109","       -3017","       48.25","       192.6","           2","220100100309","Big Guy Men's Woven","Eclipse Clothing","Clothes","Clothes & Shoes","US","        1303","Eclipse Inc","          74","61-75 years old","High Activity","Orion Club","        96.1"
"  1238928257","         215","120172","Retail","AU","M","Ramesh Trentholme","Orion Club Gold members medium activity","       23112","       23112","        2327","        16.3","        37.4","           1","240600100181","Milan Swimming Trunk","Bathing Suits","Swim Sports","Sports","ES","        4742","L\u00fcna sastreria","          60","46-60 years old","Medium Activity","Orion Club Gold","        21.1"
"  1238968334","          29","99999999","Catalog","AU","F","Candy Kinsey","Internet/Catalog Customers","       23117","       23121","       -3099","         8.8","        17.4","           1","220100100025","Knit Hat","Eclipse Clothing","Clothes","Clothes & Shoes","US","        1303","Eclipse Inc","          75","61-75 years old","Not Available","Internet/Catalog Customers","         8.6"
"  1238985782","          29","99999999","Catalog","AU","F","Candy Kinsey","Internet/Catalog Customers","       23119","       23123","       -3099","        34.3","        79.9","           1","240100100703","Stream Sweatshirt wi","Assorted Sports arti","Assorted Sports Arti","Sports","ES","        4742","L\u00fcna sastreria","          75","61-75 years old","Not Available","Internet/Catalog Customers","        45.6"
"  1239003827","          19","99999999","Internet","DE","M","Oliver S. F\u00fc\u00d","Orion Club Gold members high activity","       23121","       23126","        7724","        38.6","          77","           1","230100600016","Expedition Zero,Medi","Sleepingbags","Outdoors","Outdoors","DK","         755","Top Sports","          45","31-45 years old","High Activity","Orion Club Gold","        38.4"
"  1239018454","       70221","99999999","Internet","CA","M","Kenan Talarr","Orion  Club members high activity","       23123","       23125","        7711","        12.6","        22.3","           1","240200100073","Donald Plush Headcov","Golf","Golf","Sports","GB","       15938","TeeTime Ltd","          45","31-45 years old","High Activity","Orion Club","         9.7"
"  1239057268","          12","121030","Retail","US","M","David Black","Orion  Club members medium activity","       23127","       23127","        9598","       11.95","          48","           2","210200500006","Rain Suit, Plain w/b","Lucky Guy, Kids","Children Sports","Children","US","         772","AllSeasons Outdoor C","          40","31-45 years old","Medium Activity","Orion Club","        24.1"
"  1239172417","          29","99999999","Catalog","AU","F","Candy Kinsey","Internet/Catalog Customers","       23142","       23146","       -3099","       10.95","        51.6","           2","240100100148","Wood Box for 6 Balls","Assorted Sports arti","Assorted Sports Arti","Sports","GB","        4514","Royal Darts Ltd","          75","61-75 years old","Not Available","Internet/Catalog Customers","        29.7"
"  1239179935","          39","99999999","Catalog","US","M","Alphone Greenwald","Orion Club Gold members high activity","       23142","       23147","       15181","        7.25","       21.99","           1","240700300002","Basket Ball Pro","Basket Ball","Team Sports","Sports","US","       10225","HighPoint Trading","          25","15-30 years old","High Activity","Orion Club Gold","       14.74"
"  1239194032","          52","121040","Retail","US","M","Yan Kozlowski","Orion  Club members medium activity","       23144","       23144","        9592","        13.8","        27.4","           1","220100100192","Big Guy Men's Micro","Eclipse Clothing","Clothes","Clothes & Shoes","US","        1303","Eclipse Inc","          40","31-45 years old","Medium Activity","Orion Club","        13.6"
"  1239201604","          90","121020","Retail","US","F","Kyndal Hooks","Orion Club Gold members high activity","       23145","       23145","        7883","         111","       712.2","           3","240100400129","Rollerskate Roller S","Skates","Assorted Sports Arti","Sports","PT","        1684","Magnifico Sports","          44","31-45 years old","High Activity","Orion Club Gold","       379.2"
"  1239220388","          29","99999999","Catalog","AU","F","Candy Kinsey","Internet/Catalog Customers","       23148","       23152","       -3099","        88.8","       190.4","           1","240100100184","Barret 2.12 Men's So","Assorted Sports arti","Assorted Sports Arti","Sports","US","        3815","Roll-Over Inc","          75","61-75 years old","Not Available","Internet/Catalog Customers","       101.6"
"  1239226632","          20","99999999","Internet","US","M","Michael Dineley","Orion  Club members medium activity","       23148","       23154","        5951","       29.95","       190.5","           3","220200100190","Woman's Air Imara","Eclipse Shoes","Shoes","Clothes & Shoes","US","        1303","Eclipse Inc","          50","46-60 years old","Medium Activity","Orion Club","      100.65"
"  1239248786","          63","121087","Retail","US","M","James Klisurich","Orion Club Gold members medium activity","       23151","       23151","        9855","        25.8","       174.3","           3","240500100015","A-team Pants Taffeta","Jogging","Running - Jogging","Sports","US","        3298","A Team Sports","          39","31-45 years old","Medium Activity","Orion Club Gold","        96.9"
"  1239258470","          41","120152","Retail","AU","M","Wendell Summersby","Orion  Club members medium activity","       23153","       23153","        8006","           3","         6.2","           1","240400200003","Bat 5-Ply","Racket Sports","Racket Sports","Sports","US","        3808","Carolina Sports","          44","31-45 years old","Medium Activity","Orion Club","         3.2"
"  1239266107","          53","120143","Retail","AU","F","Dericka Pockran","Orion  Club members high activity","       23154","       23154","        4188","       54.95","       112.5","           1","230100600038","Tipee Summer Sleepin","Sleepingbags","Outdoors","Outdoors","GB","       16422","Outback Outfitters L","          55","46-60 years old","High Activity","Orion Club","       57.55"
"  1239312711","          45","121075","Retail","US","F","Dianne Patchin","Orion Club Gold members low activity","       23159","       23159","       13275","        38.6","         231","           3","230100600016","Expedition Zero,Medi","Sleepingbags","Outdoors","Outdoors","DK","         755","Top Sports","          30","15-30 years old","Low Activity","Orion Club Gold","       115.2"
"  1239320891","        1100","99999999","Catalog","TR","M","Ahmet Canko","Orion Club members low activity","       23160","       23162","        7689","       46.65","       279.3","           3","230100200006","X-Large Bottlegreen/","Backpacks","Outdoors","Outdoors","DK","         755","Top Sports","          45","31-45 years old","Low Activity","Orion Club","      139.35"
"  1239346133","          52","121037","Retail","US","M","Yan Kozlowski","Orion  Club members medium activity","       23163","       23163","        9592","        19.5","       116.4","           3","220100100273","Big Guy Men's T-Shir","Eclipse Clothing","Clothes","Clothes & Shoes","US","        1303","Eclipse Inc","          40","31-45 years old","Medium Activity","Orion Club","        57.9"
"  1239353855","         183","120143","Retail","AU","M","Duncan Robertshawe","Orion Club members low activity","       23165","       23165","         449","         6.1","        12.7","           1","230100500066","Outback Spirits Kitc","Outdoor Gear","Outdoors","Outdoors","GB","         316","Prime Sports Ltd","          65","61-75 years old","Low Activity","Orion Club","         6.6"
"  1239368476","          89","121105","Retail","US","F","Wynella Lewis","Orion  Club members high activity","       23166","       23166","       -3017","         9.1","       65.97","           3","240700100012","Football - Helmet S","American Football","Team Sports","Sports","US","        3298","A Team Sports","          74","61-75 years old","High Activity","Orion Club","       38.67"
"  1239408849","          52","121105","Retail","US","M","Yan Kozlowski","Orion  Club members medium activity","       23171","       23171","        9592","        11.4","        53.2","           2","240700100017","Football Super Bowl","American Football","Team Sports","Sports","US","        3808","Carolina Sports","          40","31-45 years old","Medium Activity","Orion Club","        30.4"
"  1239410348","          29","99999999","Catalog","AU","F","Candy Kinsey","Internet/Catalog Customers","       23172","       23176","       -3099","        15.7","        32.8","           1","220100800071","Tx Tribe Tank Top","Orion Clothing","Clothes","Clothes & Shoes","CA","       16733","Fuller Trading Co.","          75","61-75 years old","Not Available","Internet/Catalog Customers","        17.1"
"  1239416627","          88","121036","Retail","US","M","Attila Gibbs","Orion  Club members medium activity","       23172","       23172","        5893","       59.05","       248.2","           2","220100800040","Mick's Men's Cl.Trac","Orion Clothing","Clothes","Clothes & Shoes","CA","       16733","Fuller Trading Co.","          50","46-60 years old","Medium Activity","Orion Club","       130.1"
"  1239418524","         195","120127","Retail","AU","M","Cosi Rimmington","Orion Club members low activity","       23173","       23173","         680","       102.3","       408.8","           2","220100100536","Woman's Foxhole Jack","Eclipse Clothing","Clothes","Clothes & Shoes","US","        1303","Eclipse Inc","          64","61-75 years old","Low Activity","Orion Club","       204.2"
"  1239442095","          41","99999999","Catalog","AU","M","Wendell Summersby","Orion  Club members medium activity","       23176","       23180","        8006","        26.8","       120.2","           2","210201000198","South Peak Junior Tr","Tracker Kid's Clothe","Children Sports","Children","US","        2963","3Top Sports","          44","31-45 years old","Medium Activity","Orion Club","        66.6"
"  1239498112","       17023","99999999","Internet","CA","F","Susan Krasowski","Orion Club Gold members high activity","       23183","       23188","        6034","        19.6","        97.8","           2","240200200044","Eagle Polo-Shirt Int","Golf Clothes","Golf","Sports","US","       10225","HighPoint Trading","          50","46-60 years old","High Activity","Orion Club Gold","        58.6"
"  1239543223","          90","121040","Retail","US","F","Kyndal Hooks","Orion Club Gold members high activity","       23188","       23188","        7883","        43.3","       172.8","           2","220100100635","Woman's Woven Warm U","Eclipse Clothing","Clothes","Clothes & Shoes","US","        1303","Eclipse Inc","          44","31-45 years old","High Activity","Orion Club Gold","        86.2"
"  1239615368","          45","121127","Retail","US","F","Dianne Patchin","Orion Club Gold members low activity","       23197","       23197","       13275","       71.55","      178.88","           1","240800200002","Massif Bandit Ski Pa","Winter Sports","Winter Sports","Sports","FR","       13199","Massif S.A.","          30","15-30 years old","Low Activity","Orion Club Gold","      107.33"
"  1239693951","          88","121040","Retail","US","M","Attila Gibbs","Orion  Club members medium activity","       23207","       23207","        5893","       19.45","        83.6","           2","220100900035","Osprey Shadow Indoor","Osprey","Clothes","Clothes & Shoes","US","        3664","Triple Sportswear In","          50","46-60 years old","Medium Activity","Orion Club","        44.7"
"  1239713046","          16","99999999","Catalog","DE","M","Ulrich Heyde","Internet/Catalog Customers","       23210","       23211","       -1446","        7.25","        66.8","           4","230100500058","Mattress with 5 chan","Outdoor Gear","Outdoors","Outdoors","GB","         316","Prime Sports Ltd","          70","61-75 years old","Not Available","Internet/Catalog Customers","        37.8"
"  1239735632","          71","121073","Retail","US","F","Viola Folsom","Orion Club Gold members medium activity","       23212","       23212","        9762","      289.95","      1136.2","           2","230100700009","Family Holiday 6","Tents","Outdoors","Outdoors","SE","         109","Petterson AB","          39","31-45 years old","Medium Activity","Orion Club Gold","       556.3"
"  1239744161","          13","99999999","Catalog","DE","M","Markus Sepke","Orion Club Gold members low activity","       23214","       23219","       16638","           3","         6.2","           1","240400200003","Bat 5-Ply","Racket Sports","Racket Sports","Sports","US","        3808","Carolina Sports","          21","15-30 years old","Low Activity","Orion Club Gold","         3.2"
"  1239765451","          60","121036","Retail","US","F","Tedi Lanzarone","Orion  Club members medium activity","       23216","       23216","        9639","       48.15","       211.4","           2","220101400004","Badminton Cotton","Tracker Clothes","Clothes","Clothes & Shoes","US","        2963","3Top Sports","          40","31-45 years old","Medium Activity","Orion Club","       115.1"
"  1239785436","          65","99999999","Internet","DE","F","Ines Deisser","Orion Club members low activity","       23219","       23225","        9697","       42.45","         354","           4","230100600031","Outback Sleeping Bag","Sleepingbags","Outdoors","Outdoors","DK","         755","Top Sports","          40","31-45 years old","Low Activity","Orion Club","       184.2"
"  1239821232","        1684","99999999","Catalog","TR","M","Carglar Aydemir","Orion Club members low activity","       23223","       23226","       11612","        4.75","        18.8","           2","230100500013","Lamp with Battery Bo","Outdoor Gear","Outdoors","Outdoors","GB","         316","Prime Sports Ltd","          34","31-45 years old","Low Activity","Orion Club","         9.3"
"  1239823829","       54655","99999999","Catalog","CA","F","Lauren Marx","Internet/Catalog Customers","       23224","       23227","        9726","       10.75","       214.6","           2","240200200081","Top (1/100)","Golf Clothes","Golf","Sports","US","        7511","Mike Schaeffer Inc","          39","31-45 years old","Not Available","Internet/Catalog Customers","       193.1"
"  1239836937","          12","121090","Retail","US","M","David Black","Orion  Club members medium activity","       23225","       23225","        9598","        8.85","        52.4","           2","240500100043","Triffy Logo T-Shirt","Jogging","Running - Jogging","Sports","NL","       13314","Triffy B.V.","          40","31-45 years old","Medium Activity","Orion Club","        34.7"
"  1239874523","          12","121042","Retail","US","M","David Black","Orion  Club members medium activity","       23230","       23230","        9598","        11.1","        48.4","           2","220101400047","Swimming Trunks Stru","Tracker Clothes","Clothes","Clothes & Shoes","US","        2963","3Top Sports","          40","31-45 years old","Medium Activity","Orion Club","        26.2"
"  1239932984","          16","99999999","Catalog","DE","M","Ulrich Heyde","Internet/Catalog Customers","       23238","       23239","       -1446","       64.85","       285.8","           2","220200200079","Twain Women's Expres","Shoes","Shoes","Clothes & Shoes","US","       13198","Twain Inc","          70","61-75 years old","Not Available","Internet/Catalog Customers","       156.1"
"  1239972644","          53","99999999","Catalog","AU","F","Dericka Pockran","Orion  Club members high activity","       23243","       23245","        4188","        46.9","       102.9","           1","220101400237","Mns.jacket Jacket","Tracker Clothes","Clothes","Clothes & Shoes","US","        2963","3Top Sports","          55","46-60 years old","High Activity","Orion Club","          56"
"  1239994933","          90","121060","Retail","US","F","Kyndal Hooks","Orion Club Gold members high activity","       23245","       23245","        7883","        32.3","         213","           3","220200300082","Indoor Handbold Spec","Tracker Shoes","Shoes","Clothes & Shoes","US","        2963","3Top Sports","          44","31-45 years old","High Activity","Orion Club Gold","       116.1"
"  1240051245","          71","99999999","Internet","US","F","Viola Folsom","Orion Club Gold members medium activity","       23252","       23258","        9762","       104.2","       250.9","           1","230100100028","4men Men's Polar Dow","Anoraks & Parkas","Outdoors","Outdoors","US","         772","AllSeasons Outdoor C","          39","31-45 years old","Medium Activity","Orion Club Gold","       146.7"
"  1240060066","          60","121066","Retail","US","F","Tedi Lanzarone","Orion  Club members medium activity","       23253","       23253","        9639","          61","       141.7","           1","230100100062","Topper Pants","Anoraks & Parkas","Outdoors","Outdoors","US","         772","AllSeasons Outdoor C","          40","31-45 years old","Medium Activity","Orion Club","        80.7"
"  1240137702","         544","99999999","Catalog","TR","M","Avni Argac","Orion  Club members high activity","       23263","       23264","        7810","          15","          36","           1","230100300023","Scania Unisex Gloves","Gloves & Mittens","Outdoors","Outdoors","SE","        6355","Svensson Trading AB","          45","31-45 years old","High Activity","Orion Club","          21"
"  1240173354","       70165","99999999","Internet","CA","F","Portia Reynoso","Orion Club members low activity","       23268","       23269","        7712","       77.85","       306.2","           2","240200100225","Rubby Men's Golf Sho","Golf","Golf","Sports","ES","        4168","Rubby Zapatos S.A.","          45","31-45 years old","Low Activity","Orion Club","       150.5"
"  1240187143","          29","99999999","Catalog","AU","F","Candy Kinsey","Internet/Catalog Customers","       23270","       23274","       -3099","       116.6","       154.6","           1","240100400100","Rollerskate Roller S","Skates","Assorted Sports Arti","Sports","PT","        1684","Magnifico Sports","          75","61-75 years old","Not Available","Internet/Catalog Customers","          38"
"  1240283215","          52","121051","Retail","US","M","Yan Kozlowski","Orion  Club members medium activity","       23281","       23281","        9592","       89.55","       175.5","           1","240200100118","Hi-fly Intrepid Stan","Golf","Golf","Sports","NL","        2995","Van Dammeren Interna","          40","31-45 years old","Medium Activity","Orion Club","       85.95"
"  1240306942","          90","121071","Retail","US","F","Kyndal Hooks","Orion Club Gold members high activity","       23284","       23284","        7883","         3.5","           8","           1","230100500056","Knife","Outdoor Gear","Outdoors","Outdoors","US","        4718","KN Outdoor Trading I","          44","31-45 years old","High Activity","Orion Club Gold","         4.5"
"  1240314947","         908","99999999","Catalog","TR","M","Avni Umran","Orion Club Gold members high activity","       23285","       23289","       13489","       48.45","        96.7","           1","230100600028","Expedition 20,Medium","Sleepingbags","Outdoors","Outdoors","DK","         755","Top Sports","          29","15-30 years old","High Activity","Orion Club Gold","       48.25"
"  1240314956","          17","121074","Retail","US","M","Jimmie Evans","Orion  Club members medium activity","       23285","       23285","        4246","        34.1","        86.6","           1","230100500094","Men's Pants, Basic","Outdoor Gear","Outdoors","Outdoors","US","        4646","Mayday Inc","          54","46-60 years old","Medium Activity","Orion Club","        52.5"
"  1240355393","          10","121063","Retail","US","F","Karen Ballinger","Orion  Club members high activity","       23290","       23290","       15266","       42.15","        84.1","           1","230100600022","Expedition10,Medium,","Sleepingbags","Outdoors","Outdoors","DK","         755","Top Sports","          24","15-30 years old","High Activity","Orion Club","       41.95"
"  1240379679","          63","120733","Retail","US","M","James Klisurich","Orion Club Gold members medium activity","       23293","       23293","        9855","       50.05","        99.9","           1","230100200004","Black/Black","Backpacks","Outdoors","Outdoors","DK","         755","Top Sports","          39","31-45 years old","Medium Activity","Orion Club Gold","       49.85"
"  1240387741","          89","121140","Retail","US","F","Wynella Lewis","Orion  Club members high activity","       23294","       23294","       -3017","       85.15","       187.2","           1","240800200020","C.A.M.,Bone","Winter Sports","Winter Sports","Sports","CA","       16814","CrystalClear Optics","          74","61-75 years old","High Activity","Orion Club","      102.05"
"  1240430921","         183","120153","Retail","AU","M","Duncan Robertshawe","Orion Club members low activity","       23300","       23300","         449","       64.95","       155.8","           1","240400200093","Smasher Super Rq Ti","Racket Sports","Racket Sports","Sports","GB","        1280","British Sports Ltd","          65","61-75 years old","Low Activity","Orion Club","       90.85"
"  1240446608","          29","99999999","Catalog","AU","F","Candy Kinsey","Internet/Catalog Customers","       23302","       23306","       -3099","        17.6","          35","           1","220100100553","Woman's Short Top Dr","Eclipse Clothing","Clothes","Clothes & Shoes","US","        1303","Eclipse Inc","          75","61-75 years old","Not Available","Internet/Catalog Customers","        17.4"
"  1240447572","          50","99999999","Catalog","DE","M","Gert-Gunter Mendler","Orion Club Gold members high activity","       23302","       23303","       -3272","      125.65","         270","           1","230100200056","Victor Grey/Olive Wo","Backpacks","Outdoors","Outdoors","DK","         755","Top Sports","          75","61-75 years old","High Activity","Orion Club Gold","      144.35"
"  1240461993","          10","121036","Retail","US","F","Karen Ballinger","Orion  Club members high activity","       23303","       23303","       15266","        4.55","        11.3","           1","220100300020","Instyle T-Shirt","Knitwear","Clothes","Clothes & Shoes","US","         772","AllSeasons Outdoor C","          24","15-30 years old","High Activity","Orion Club","        6.75"
"  1240485814","          29","99999999","Catalog","AU","F","Candy Kinsey","Internet/Catalog Customers","       23307","       23311","       -3099","        34.1","        74.8","           1","220101400290","Quali Sweatshirt","Tracker Clothes","Clothes","Clothes & Shoes","US","        2963","3Top Sports","          75","61-75 years old","Not Available","Internet/Catalog Customers","        40.7"
"  1240509842","          63","121033","Retail","US","M","James Klisurich","Orion Club Gold members medium activity","       23309","       23309","        9855","        17.8","        39.4","           1","210200500007","Bozeman Rain & Storm","Lucky Guy, Kids","Children Sports","Children","US","         772","AllSeasons Outdoor C","          39","31-45 years old","Medium Activity","Orion Club Gold","        21.6"
"  1240512744","          50","99999999","Catalog","DE","M","Gert-Gunter Mendler","Orion Club Gold members high activity","       23310","       23311","       -3272","        7.05","        28.8","           2","240300100046","Weight  5.0 Kg","Fitness","Indoor Sports","Sports","NL","       16542","TrimSport B.V.","          75","61-75 years old","High Activity","Orion Club Gold","        14.7"
"  1240549230","          89","121061","Retail","US","F","Wynella Lewis","Orion  Club members high activity","       23314","       23314","       -3017","       28.25","        58.7","           1","220200100012","Atmosphere Shatter M","Eclipse Shoes","Shoes","Clothes & Shoes","US","        1303","Eclipse Inc","          74","61-75 years old","High Activity","Orion Club","       30.45"
"  1240568966","          19","99999999","Internet","DE","M","Oliver S. F\u00fc\u00d","Orion Club Gold members high activity","       23317","       23322","        7724","        66.7","       133.2","           1","220200100226","Woman's Air Zoom Dri","Eclipse Shoes","Shoes","Clothes & Shoes","US","        1303","Eclipse Inc","          45","31-45 years old","High Activity","Orion Club Gold","        66.5"
"  1240581932","         215","120192","Retail","AU","M","Ramesh Trentholme","Orion Club Gold members medium activity","       23319","       23319","        2327","       18.85","       124.2","           3","210201000199","Starlite Baby Shoes","Tracker Kid's Clothe","Children Sports","Children","US","        2963","3Top Sports","          60","46-60 years old","Medium Activity","Orion Club Gold","       67.65"
"  1240588370","        2788","99999999","Catalog","TR","M","Serdar Yucel","Orion  Club members high activity","       23319","       23321","         367","        58.6","       126.1","           1","230100500082","Lucky Tech Intergal","Outdoor Gear","Outdoors","Outdoors","US","         772","AllSeasons Outdoor C","          65","61-75 years old","High Activity","Orion Club","        67.5"
"  1240599396","          16","99999999","Catalog","DE","M","Ulrich Heyde","Internet/Catalog Customers","       23321","       23322","       -1446","         135","         220","           1","230100700002","Comfort Shelter","Tents","Outdoors","Outdoors","GB","       16422","Outback Outfitters L","          70","61-75 years old","Not Available","Internet/Catalog Customers","          85"
"  1240604971","          63","121071","Retail","US","M","James Klisurich","Orion Club Gold members medium activity","       23321","       23321","        9855","        41.4","        86.3","           1","230100600030","Outback Sleeping Bag","Sleepingbags","Outdoors","Outdoors","DK","         755","Top Sports","          39","31-45 years old","Medium Activity","Orion Club Gold","        44.9"
"  1240613362","          20","121069","Retail","US","M","Michael Dineley","Orion  Club members medium activity","       23322","       23322","        5951","       74.95","       175.3","           1","230100100017","Men's Jacket Rem","Anoraks & Parkas","Outdoors","Outdoors","NO","          50","Scandinavian Clothin","          50","46-60 years old","Medium Activity","Orion Club","      100.35"
"  1240692950","          88","121086","Retail","US","M","Attila Gibbs","Orion  Club members medium activity","       23332","       23332","        5893","        15.4","        34.5","           1","240500100039","Sweatshirt Women's S","Jogging","Running - Jogging","Sports","US","        3298","A Team Sports","          50","46-60 years old","Medium Activity","Orion Club","        19.1"
"  1240782710","         544","99999999","Catalog","TR","M","Avni Argac","Orion  Club members high activity","       23343","       23344","        7810","         6.1","        12.7","           1","230100500066","Outback Spirits Kitc","Outdoor Gear","Outdoors","Outdoors","GB","         316","Prime Sports Ltd","          45","31-45 years old","High Activity","Orion Club","         6.6"
"  1240856801","         544","99999999","Catalog","TR","M","Avni Argac","Orion  Club members high activity","       23352","       23353","        7810","       48.45","       193.4","           2","230100600028","Expedition 20,Medium","Sleepingbags","Outdoors","Outdoors","DK","         755","Top Sports","          45","31-45 years old","High Activity","Orion Club","        96.5"
"  1240870047","        1100","99999999","Catalog","TR","M","Ahmet Canko","Orion Club members low activity","       23354","       23356","        7689","        45.5","       213.8","           2","230100100015","Men's Jacket Caians","Anoraks & Parkas","Outdoors","Outdoors","NO","          50","Scandinavian Clothin","          45","31-45 years old","Low Activity","Orion Club","       122.8"
"  1240886449","          52","121030","Retail","US","M","Yan Kozlowski","Orion  Club members medium activity","       23356","       23356","        9592","        8.25","        19.8","           1","210200200023","Sunfit Stockton Swim","Bathing Suits, Kids","Children Sports","Children","US","        6153","Nautlius SportsWear","          40","31-45 years old","Medium Activity","Orion Club","       11.55"
"  1240903120","          52","121044","Retail","US","M","Yan Kozlowski","Orion  Club members medium activity","       23358","       23358","        9592","       15.65","        62.2","           2","220100100592","Woman's Short Tights","Eclipse Clothing","Clothes","Clothes & Shoes","US","        1303","Eclipse Inc","          40","31-45 years old","Medium Activity","Orion Club","        30.9"
"  1240961599","          16","99999999","Catalog","DE","M","Ulrich Heyde","Internet/Catalog Customers","       23366","       23367","       -1446","      125.25","      1103.6","           4","230100200025","Feelgood 55-75 Litre","Backpacks","Outdoors","Outdoors","AU","       10692","Toto Outdoor Gear","          70","61-75 years old","Not Available","Internet/Catalog Customers","       602.6"
"  1241054779","          24","99999999","Internet","US","F","Robyn Klem","Internet/Catalog Customers","       23377","       23380","        5997","       42.45","       195.6","           2","240800200021","Cayenne Red","Winter Sports","Winter Sports","Sports","CA","       16814","CrystalClear Optics","          50","46-60 years old","Not Available","Internet/Catalog Customers","       110.7"
"  1241063739","          89","121135","Retail","US","F","Wynella Lewis","Orion  Club members high activity","       23378","       23379","       -3017","       12.15","       160.8","           6","240800200035","Shine Black PRO","Winter Sports","Winter Sports","Sports","CA","       16814","CrystalClear Optics","          74","61-75 years old","High Activity","Orion Club","        87.9"
"  1241066216","         171","120134","Retail","AU","M","Robert Bowerman","Orion  Club members high activity","       23379","       23379","       11375","       77.85","       306.2","           2","240200100225","Rubby Men's Golf Sho","Golf","Golf","Sports","ES","        4168","Rubby Zapatos S.A.","          35","31-45 years old","High Activity","Orion Club","       150.5"
"  1241086052","          53","99999999","Internet","AU","F","Dericka Pockran","Orion  Club members high activity","       23381","       23384","        4188","         5.7","        37.8","           3","210200500002","Children's Mitten","Lucky Guy, Kids","Children Sports","Children","US","         772","AllSeasons Outdoor C","          55","46-60 years old","High Activity","Orion Club","        20.7"
"  1241147641","          53","120131","Retail","AU","F","Dericka Pockran","Orion  Club members high activity","       23388","       23388","        4188","        72.6","       362.6","           2","240200200091","Wind Proof Windstopp","Golf Clothes","Golf","Sports","US","       10225","HighPoint Trading","          55","46-60 years old","High Activity","Orion Club","       217.4"
"  1241235281","         171","120136","Retail","AU","M","Robert Bowerman","Orion  Club members high activity","       23398","       23405","       11375","       36.25","        72.6","           1","240300100001","Abdomen Shaper","Fitness","Indoor Sports","Sports","NL","       16542","TrimSport B.V.","          35","31-45 years old","High Activity","Orion Club","       36.35"
"  1241244297","         111","120164","Retail","AU","F","Karolina Dokter","Orion  Club members medium activity","       23399","       23399","       11684","        51.7","       258.2","           2","240500100041","Triffy Jacket","Jogging","Running - Jogging","Sports","NL","       13314","Triffy B.V.","          34","31-45 years old","Medium Activity","Orion Club","       154.8"
"  1241263172","        3959","99999999","Internet","ZA","F","Rita Lotz","Orion Club Gold members high activity","       23400","       23401","        7725","       51.15","       102.4","           1","240100400004","Children's Roller Sk","Skates","Assorted Sports Arti","Sports","PT","        1684","Magnifico Sports","          45","31-45 years old","High Activity","Orion Club Gold","       51.25"
"  1241286432","          27","99999999","Internet","US","F","Cynthia Mccluney","Internet/Catalog Customers","       23403","       23408","        9601","        34.9","       174.4","           2","240800200009","Amber Cc","Winter Sports","Winter Sports","Sports","CA","       16814","CrystalClear Optics","          40","31-45 years old","Not Available","Internet/Catalog Customers","       104.6"
"  1241298131","        2806","99999999","Catalog","ZA","F","Raedene Van Den Berg","Orion  Club members medium activity","       23404","       23414","       16695","       29.65","        37.4","           1","240100400058","Pro-roll Hot Rod Rol","Skates","Assorted Sports Arti","Sports","PT","        1684","Magnifico Sports","          20","15-30 years old","Medium Activity","Orion Club","        7.75"
"  1241359997","          12","121043","Retail","US","M","David Black","Orion  Club members medium activity","       23411","       23411","        9598","        58.9","       117.6","           1","220100100105","Big Guy Men's Clima","Eclipse Clothing","Clothes","Clothes & Shoes","US","        1303","Eclipse Inc","          40","31-45 years old","Medium Activity","Orion Club","        58.7"
"  1241371145","         171","120124","Retail","AU","M","Robert Bowerman","Orion  Club members high activity","       23413","       23413","       11375","      165.95","       656.6","           2","240100400046","Perfect Fit Men's St","Skates","Assorted Sports Arti","Sports","US","       13198","Twain Inc","          35","31-45 years old","High Activity","Orion Club","       324.7"
"  1241390440","          41","120131","Retail","AU","M","Wendell Summersby","Orion  Club members medium activity","       23415","       23415","        8006","        9.15","        36.2","           2","240200100046","Bretagne Soft-Tech M","Golf","Golf","Sports","NL","        2995","Van Dammeren Interna","          44","31-45 years old","Medium Activity","Orion Club","        17.9"
"  1241461856","          18","121042","Retail","US","M","Tonie Asmussen","Orion Club members low activity","       23422","       23423","        4050","        14.8","        29.4","           1","220100100523","Woman's Dri-Fit Scoo","Eclipse Clothing","Clothes","Clothes & Shoes","US","        1303","Eclipse Inc","          55","46-60 years old","Low Activity","Orion Club","        14.6"
"  1241561055","         171","120127","Retail","AU","M","Robert Bowerman","Orion  Club members high activity","       23434","       23434","       11375","        17.5","         192","           5","220101400088","Casual Genuine Polo-","Tracker Clothes","Clothes","Clothes & Shoes","US","        2963","3Top Sports","          35","31-45 years old","High Activity","Orion Club","       104.5"
"  1241623505","          24","99999999","Internet","US","F","Robyn Klem","Internet/Catalog Customers","       23441","       23444","        5997","       21.95","        46.9","           1","240700400017","Fga Home Shorts","Soccer","Team Sports","Sports","US","       14593","Fga Sports Inc","          50","46-60 years old","Not Available","Internet/Catalog Customers","       24.95"
"  1241645664","       70100","99999999","Catalog","CA","F","Wilma Yeargan","Orion  Club members medium activity","       23444","       23448","       15149","          14","       150.1","           1","240200200020","Big Boss Houston Pan","Golf Clothes","Golf","Sports","US","        7511","Mike Schaeffer Inc","          25","15-30 years old","Medium Activity","Orion Club","       136.1"
"  1241652707","          27","99999999","Internet","US","F","Cynthia Mccluney","Internet/Catalog Customers","       23444","       23449","        9601","       21.95","       140.7","           3","240700400017","Fga Home Shorts","Soccer","Team Sports","Sports","US","       14593","Fga Sports Inc","          40","31-45 years old","Not Available","Internet/Catalog Customers","       74.85"
"  1241686210","          10","121040","Retail","US","F","Karen Ballinger","Orion  Club members high activity","       23448","       23454","       15266","        16.4","        32.6","           1","220100100235","Big Guy Men's Runnin","Eclipse Clothing","Clothes","Clothes & Shoes","US","        1303","Eclipse Inc","          24","15-30 years old","High Activity","Orion Club","        16.2"
"  1241715610","          92","121106","Retail","US","M","Lendon Celii","Orion Club members low activity","       23451","       23451","         622","         8.6","        16.9","           1","240700200019","Helmet M","Baseball","Team Sports","Sports","US","       15218","Miller Trading Inc","          64","61-75 years old","Low Activity","Orion Club","         8.3"
"  1241731828","          31","121025","Retail","US","F","Cynthia Mart\u00ednez","Orion Club Gold members medium activity","       23453","       23453","        6063","        10.4","        22.7","           1","240100100410","Prosoccer  Club Foot","Assorted Sports arti","Assorted Sports Arti","Sports","US","        5810","Teamsports Inc","          49","46-60 years old","Medium Activity","Orion Club Gold","        12.3"
"  1241789227","       17023","99999999","Internet","CA","F","Susan Krasowski","Orion Club Gold members high activity","       23460","       23465","        6034","       60.65","         121","           1","240200100211","Proplay Women's Tour","Golf","Golf","Sports","NL","        2995","Van Dammeren Interna","          50","46-60 years old","High Activity","Orion Club Gold","       60.35"
"  1241895594","          56","121051","Retail","US","M","Roy Siferd","Orion  Club members medium activity","       23471","       23475","       -3256","        4.45","        24.4","           2","240200100034","Bb Softspikes - Xp 2","Golf","Golf","Sports","GB","       15938","TeeTime Ltd","          75","61-75 years old","Medium Activity","Orion Club","        15.5"
"  1241909303","       46966","99999999","Internet","CA","F","Lauren Krasowski","Orion  Club members high activity","       23473","       23474","       16002","       10.75","       107.3","           1","240200200081","Top (1/100)","Golf Clothes","Golf","Sports","US","        7511","Mike Schaeffer Inc","          22","15-30 years old","High Activity","Orion Club","       96.55"
"  1241930625","          27","99999999","Internet","US","F","Cynthia Mccluney","Internet/Catalog Customers","       23475","       23480","        9601","       28.25","        58.7","           1","220200100012","Atmosphere Shatter M","Eclipse Shoes","Shoes","Clothes & Shoes","US","        1303","Eclipse Inc","          40","31-45 years old","Not Available","Internet/Catalog Customers","       30.45"
"  1241977403","         171","120152","Retail","AU","M","Robert Bowerman","Orion  Club members high activity","       23481","       23481","       11375","         7.7","        19.1","           1","240400300035","Smasher Shorts","Tennis","Racket Sports","Sports","GB","        1280","British Sports Ltd","          35","31-45 years old","High Activity","Orion Club","        11.4"
"  1242012259","          10","121040","Retail","US","F","Karen Ballinger","Orion  Club members high activity","       23484","       23484","       15266","        48.7","       231.6","           2","220100300037","Mayday Resque Fleece","Knitwear","Clothes","Clothes & Shoes","US","        4646","Mayday Inc","          24","15-30 years old","High Activity","Orion Club","       134.2"
"  1242012269","          45","121040","Retail","US","F","Dianne Patchin","Orion Club Gold members low activity","       23484","       23484","       13275","        16.7","       142.4","           4","220100300019","Instyle Pullover Mid","Knitwear","Clothes","Clothes & Shoes","US","         772","AllSeasons Outdoor C","          30","15-30 years old","Low Activity","Orion Club Gold","        75.6"
"  1242035131","         183","120132","Retail","AU","M","Duncan Robertshawe","Orion Club members low activity","       23487","       23487","         449","       58.85","       147.1","           1","240200200061","Eagle Windstopper Sw","Golf Clothes","Golf","Sports","US","       10225","HighPoint Trading","          65","61-75 years old","Low Activity","Orion Club","       88.25"
"  1242076538","          31","99999999","Internet","US","F","Cynthia Mart\u00ednez","Orion Club Gold members medium activity","       23491","       23495","        6063","        33.9","        57.3","           1","220200200022","Pro Fit Gel Ds Train","Shoes","Shoes","Clothes & Shoes","US","        1747","Pro Sportswear Inc","          49","46-60 years old","Medium Activity","Orion Club Gold","        23.4"
"  1242130888","          92","121086","Retail","US","M","Lendon Celii","Orion Club members low activity","       23497","       23497","         622","       23.75","       160.5","           3","240500100017","A-team Sweat Round N","Jogging","Running - Jogging","Sports","US","        3298","A Team Sports","          64","61-75 years old","Low Activity","Orion Club","       89.25"
"  1242140006","           5","99999999","Internet","US","F","Sandrina Stephano","Orion Club Gold members medium activity","       23498","       23503","       13339","        13.9","        31.4","           1","240100100159","A-team Smoothsport B","Assorted Sports arti","Assorted Sports Arti","Sports","US","        3298","A Team Sports","          30","15-30 years old","Medium Activity","Orion Club Gold","        17.5"
"  1242140009","          90","99999999","Catalog","US","F","Kyndal Hooks","Orion Club Gold members high activity","       23498","       23500","        7883","        8.05","        16.4","           1","240100100434","Shoeshine Black","Assorted Sports arti","Assorted Sports Arti","Sports","CA","       16814","CrystalClear Optics","          44","31-45 years old","High Activity","Orion Club Gold","        8.35"
"  1242149082","          90","121032","Retail","US","F","Kyndal Hooks","Orion Club Gold members high activity","       23499","       23499","        7883","         7.7","        14.3","           1","210200300006","Fleece Cuff Pant Kid","Eclipse, Kid's Cloth","Children Sports","Children","US","        1303","Eclipse Inc","          44","31-45 years old","High Activity","Orion Club Gold","         6.6"
"  1242159212","           5","99999999","Internet","US","F","Sandrina Stephano","Orion Club Gold members medium activity","       23500","       23505","       13339","      101.65","       446.6","           2","230100200029","Jaguar 50-75 Liter B","Backpacks","Outdoors","Outdoors","AU","       10692","Toto Outdoor Gear","          30","15-30 years old","Medium Activity","Orion Club Gold","       243.3"
"  1242161468","        2550","99999999","Internet","ZA","F","Sanelisiwe Collier","Orion Club Gold members low activity","       23500","       23505","       16624","         1.3","         9.6","           3","240100100232","Dartsharpener Key ri","Assorted Sports arti","Assorted Sports Arti","Sports","GB","        4514","Royal Darts Ltd","          21","15-30 years old","Low Activity","Orion Club Gold","         5.7"
"  1242162201","       46966","99999999","Internet","CA","F","Lauren Krasowski","Orion  Club members high activity","       23501","       23502","       16002","       44.95","       174.4","           2","240200100053","Bretagne Stabilities","Golf","Golf","Sports","NL","        2995","Van Dammeren Interna","          22","15-30 years old","High Activity","Orion Club","        84.5"
"  1242173926","        1033","99999999","Internet","TR","M","Selim Okay","Orion Club members low activity","       23502","       23506","       13436","        59.4","       355.8","           3","230100600026","Expedition 20,Large,","Sleepingbags","Outdoors","Outdoors","DK","         755","Top Sports","          29","15-30 years old","Low Activity","Orion Club","       177.6"
"  1242185055","          41","120136","Retail","AU","M","Wendell Summersby","Orion  Club members medium activity","       23504","       23504","        8006","         8.9","        19.9","           1","240300100049","Wrist Weight  2.25 K","Fitness","Indoor Sports","Sports","NL","       16542","TrimSport B.V.","          44","31-45 years old","Medium Activity","Orion Club","          11"
"  1242214574","       70079","99999999","Internet","CA","F","Lera Knott","Orion  Club members medium activity","       23507","       23510","       15897","        6.65","        29.4","           2","240200100230","Score Counter Scoreb","Golf","Golf","Sports","NL","        2995","Van Dammeren Interna","          23","15-30 years old","Medium Activity","Orion Club","        16.1"
"  1242229985","         171","120127","Retail","AU","M","Robert Bowerman","Orion  Club members high activity","       23509","       23509","       11375","       47.45","       189.4","           2","220100100189","Big Guy Men's Micro","Eclipse Clothing","Clothes","Clothes & Shoes","US","        1303","Eclipse Inc","          35","31-45 years old","High Activity","Orion Club","        94.5"
"  1242259863","       70187","99999999","Catalog","CA","F","Soberina Berent","Orion  Club members medium activity","       23512","       23517","       15975","      196.15","       706.2","           2","240200100157","Normal Standard","Golf","Golf","Sports","GB","       15938","TeeTime Ltd","          22","15-30 years old","Medium Activity","Orion Club","       313.9"
"  1242265757","          10","121105","Retail","US","F","Karen Ballinger","Orion  Club members high activity","       23512","       23512","       15266","       13.75","        79.8","           3","240700100004","Armour XL","American Football","Team Sports","Sports","US","        3298","A Team Sports","          24","15-30 years old","High Activity","Orion Club","       38.55"
"  1242458099","          10","121071","Retail","US","F","Karen Ballinger","Orion  Club members high activity","       23533","       23533","       15266","         4.9","        12.2","           1","230100400007","Breaker Commandos Ca","Knitted Accessories","Outdoors","Outdoors","DK","        4793","Norsok A/S","          24","15-30 years old","High Activity","Orion Club","         7.3"
"  1242467585","          34","99999999","Internet","US","M","Alvan Goheen","Orion Club members low activity","       23534","       23540","       14993","        86.1","         403","           2","240100100690","Shirt Termir","Assorted Sports arti","Assorted Sports Arti","Sports","ES","        4742","L\u00fcna sastreria","          25","15-30 years old","Low Activity","Orion Club","       230.8"
"  1242477751","          31","99999999","Internet","US","F","Cynthia Mart\u00ednez","Orion Club Gold members medium activity","       23535","       23539","        6063","        27.4","       120.4","           2","220200200036","Soft Astro Men's Run","Shoes","Shoes","Clothes & Shoes","US","        1747","Pro Sportswear Inc","          49","46-60 years old","Medium Activity","Orion Club Gold","        65.6"
"  1242493791","           5","121056","Retail","US","F","Sandrina Stephano","Orion Club Gold members medium activity","       23537","       23537","       13339","        30.5","       126.8","           2","220200100009","Atmosphere Imara Wom","Eclipse Shoes","Shoes","Clothes & Shoes","US","        1303","Eclipse Inc","          30","15-30 years old","Medium Activity","Orion Club Gold","        65.8"
"  1242502670","          31","121067","Retail","US","F","Cynthia Mart\u00ednez","Orion Club Gold members medium activity","       23538","       23538","        6063","         3.5","          16","           2","230100500056","Knife","Outdoor Gear","Outdoors","Outdoors","US","        4718","KN Outdoor Trading I","          49","46-60 years old","Medium Activity","Orion Club Gold","           9"
"  1242515373","       17023","99999999","Internet","CA","F","Susan Krasowski","Orion Club Gold members high activity","       23540","       23545","        6034","       20.25","         168","           4","240200100057","Carolina II","Golf","Golf","Sports","US","        3808","Carolina Sports","          50","46-60 years old","High Activity","Orion Club Gold","          87"
"  1242534503","       70165","99999999","Internet","CA","F","Portia Reynoso","Orion Club members low activity","       23542","       23549","        7712","       89.55","         702","           4","240200100118","Hi-fly Intrepid Stan","Golf","Golf","Sports","NL","        2995","Van Dammeren Interna","          45","31-45 years old","Low Activity","Orion Club","       343.8"
"  1242557584","          89","99999999","Catalog","US","F","Wynella Lewis","Orion  Club members high activity","       23544","       23548","       -3017","          28","       134.6","           2","240500200083","Force Technical Jack","Running Clothes","Running - Jogging","Sports","BE","        5922","Force Sports","          74","61-75 years old","High Activity","Orion Club","        78.6"
"  1242559569","         171","120130","Retail","AU","M","Robert Bowerman","Orion  Club members high activity","       23545","       23545","       11375","       44.25","       73.99","           1","220100700023","Armadillo Road Dmx M","Orion","Clothes","Clothes & Shoes","CA","       16733","Fuller Trading Co.","          35","31-45 years old","High Activity","Orion Club","       29.74"
"  1242578860","       70100","99999999","Catalog","CA","F","Wilma Yeargan","Orion  Club members medium activity","       23547","       23551","       15149","       247.7","      1937.2","           4","240200100173","Proplay Executive Bi","Golf","Golf","Sports","NL","        2995","Van Dammeren Interna","          25","15-30 years old","Medium Activity","Orion Club","       946.4"
"  1242610991","          12","121037","Retail","US","M","David Black","Orion  Club members medium activity","       23550","       23550","        9598","        11.1","        48.4","           2","220101400047","Swimming Trunks Stru","Tracker Clothes","Clothes","Clothes & Shoes","US","        2963","3Top Sports","          40","31-45 years old","Medium Activity","Orion Club","        26.2"
"  1242647539","          45","121109","Retail","US","F","Dianne Patchin","Orion Club Gold members low activity","       23554","       23554","       13275","       11.35","          56","           2","240700200009","Bat - Home Run M","Baseball","Team Sports","Sports","US","       15218","Miller Trading Inc","          30","15-30 years old","Low Activity","Orion Club Gold","        33.3"
"  1242657273","          90","121037","Retail","US","F","Kyndal Hooks","Orion Club Gold members high activity","       23555","       23555","        7883","         5.7","        33.6","           3","220100100410","Toto Tube Socks","Eclipse Clothing","Clothes","Clothes & Shoes","US","        1303","Eclipse Inc","          44","31-45 years old","High Activity","Orion Club Gold","        16.5"
"  1242691897","          90","99999999","Catalog","US","F","Kyndal Hooks","Orion Club Gold members high activity","       23559","       23561","        7883","       24.05","       110.2","           2","240500100062","Ypsilon Men's Sweats","Jogging","Running - Jogging","Sports","FR","       14624","Ypsilon S.A.","          44","31-45 years old","High Activity","Orion Club Gold","        62.1"
"  1242736731","          10","121107","Retail","US","F","Karen Ballinger","Orion  Club members high activity","       23564","       23564","       15266","        10.3","        80.7","           3","240700200010","Bat - Home Run S","Baseball","Team Sports","Sports","US","       15218","Miller Trading Inc","          24","15-30 years old","High Activity","Orion Club","        49.8"
"  1242773202","          24","99999999","Internet","US","F","Robyn Klem","Internet/Catalog Customers","       23568","       23571","        5997","        15.6","        70.2","           2","240600100185","Pew Swimming Trunks","Bathing Suits","Swim Sports","Sports","ES","        4742","L\u00fcna sastreria","          50","46-60 years old","Not Available","Internet/Catalog Customers","          39"
"  1242782701","          27","99999999","Internet","US","F","Cynthia Mccluney","Internet/Catalog Customers","       23569","       23574","        9601","       56.05","       403.5","           3","240500200081","Force Micro Men's Su","Running Clothes","Running - Jogging","Sports","BE","        5922","Force Sports","          40","31-45 years old","Not Available","Internet/Catalog Customers","      235.35"
"  1242827683","          10","121105","Retail","US","F","Karen Ballinger","Orion  Club members high activity","       23574","       23574","       15266","        7.25","       21.99","           1","240700300002","Basket Ball Pro","Basket Ball","Team Sports","Sports","US","       10225","HighPoint Trading","          24","15-30 years old","High Activity","Orion Club","       14.74"
"  1242836878","          10","121027","Retail","US","F","Karen Ballinger","Orion  Club members high activity","       23575","       23575","       15266","        13.5","        60.6","           2","210201000067","Logo Coord.Children'","Tracker Kid's Clothe","Children Sports","Children","US","        2963","3Top Sports","          24","15-30 years old","High Activity","Orion Club","        33.6"
"  1242838815","          41","120195","Retail","AU","M","Wendell Summersby","Orion  Club members medium activity","       23576","       23576","        8006","        17.8","        39.4","           1","210200500007","Bozeman Rain & Storm","Lucky Guy, Kids","Children Sports","Children","US","         772","AllSeasons Outdoor C","          44","31-45 years old","Medium Activity","Orion Club","        21.6"
"  1242848557","        2806","99999999","Catalog","ZA","F","Raedene Van Den Berg","Orion  Club members medium activity","       23576","       23580","       16695","         7.7","        54.3","           3","240100100312","Hot Mini Backboard B","Assorted Sports arti","Assorted Sports Arti","Sports","NL","        2995","Van Dammeren Interna","          20","15-30 years old","Medium Activity","Orion Club","        31.2"
"  1242923327","       70165","99999999","Internet","CA","F","Portia Reynoso","Orion Club members low activity","       23585","       23586","        7712","        3.65","        16.6","           2","240200100081","Extreme Distance 90","Golf","Golf","Sports","US","        3808","Carolina Sports","          45","31-45 years old","Low Activity","Orion Club","         9.3"
"  1242938120","         171","120124","Retail","AU","M","Robert Bowerman","Orion  Club members high activity","       23587","       23587","       11375","        14.8","        35.2","           1","240100200004","Aim4it 80% Tungsten","Darts","Assorted Sports Arti","Sports","GB","        4514","Royal Darts Ltd","          35","31-45 years old","High Activity","Orion Club","        20.4"
"  1242977743","          65","99999999","Catalog","DE","F","Ines Deisser","Orion Club members low activity","       23591","       23595","        9697","       75.95","       351.4","           2","240400200012","Sledgehammer 120 Ph","Racket Sports","Racket Sports","Sports","GB","       17832","GrandSlam Sporting G","          40","31-45 years old","Low Activity","Orion Club","       199.5"
"  1243012144","        2806","99999999","Catalog","ZA","F","Raedene Van Den Berg","Orion  Club members medium activity","       23594","       23598","       16695","        5.45","        25.8","           2","240100100615","Goodtime Toilet Bag","Assorted Sports arti","Assorted Sports Arti","Sports","SP","        4742","L\u00fcna sastreria","          20","15-30 years old","Medium Activity","Orion Club","        14.9"
"  1243026971","          10","120733","Retail","US","F","Karen Ballinger","Orion  Club members high activity","       23596","       23596","       15266","        58.6","       252.2","           2","230100500082","Lucky Tech Intergal","Outdoor Gear","Outdoors","Outdoors","US","         772","AllSeasons Outdoor C","          24","15-30 years old","High Activity","Orion Club","         135"
"  1243039354","          41","120143","Retail","AU","M","Wendell Summersby","Orion  Club members medium activity","       23598","       23598","        8006","        7.75","        17.6","           1","230100600003","Sheet Sleeping Bag,","Sleepingbags","Outdoors","Outdoors","GB","       16422","Outback Outfitters L","          44","31-45 years old","Medium Activity","Orion Club","        9.85"
"  1243049938","          53","99999999","Internet","AU","F","Dericka Pockran","Orion  Club members high activity","       23599","       23602","        4188","        38.3","       180.4","           2","220100300001","Fleece Jacket Compas","Knitwear","Clothes","Clothes & Shoes","US","         772","AllSeasons Outdoor C","          55","46-60 years old","High Activity","Orion Club","       103.8"
"  1243110343","          10","121032","Retail","US","F","Karen Ballinger","Orion  Club members high activity","       23605","       23605","       15266","        28.9","         134","           2","210200600067","Children's Knit Swea","N.D. Gear, Kids","Children Sports","Children","ES","        4742","L\u00fcna sastreria","          24","15-30 years old","High Activity","Orion Club","        76.2"
"  1243127549","         171","120159","Retail","AU","M","Robert Bowerman","Orion  Club members high activity","       23608","       23608","       11375","         7.7","        19.1","           1","240400300035","Smasher Shorts","Tennis","Racket Sports","Sports","GB","        1280","British Sports Ltd","          35","31-45 years old","High Activity","Orion Club","        11.4"
"  1243152030","          45","120734","Retail","US","F","Dianne Patchin","Orion Club Gold members low activity","       23610","       23611","       13275","       16.85","        40.2","           1","230100400010","Breaker Frozen Husky","Knitted Accessories","Outdoors","Outdoors","DK","        4793","Norsok A/S","          30","15-30 years old","Low Activity","Orion Club Gold","       23.35"
"  1243152039","          90","121089","Retail","US","F","Kyndal Hooks","Orion Club Gold members high activity","       23610","       23610","        7883","        11.4","        47.6","           2","240500200003","Men's Singlet","Running Clothes","Running - Jogging","Sports","BE","        5922","Force Sports","          44","31-45 years old","High Activity","Orion Club Gold","        24.8"
"  1243165497","       70201","99999999","Internet","CA","F","Angel Borwick","Orion Club Gold members low activity","       23612","       23617","        9849","        51.9","       201.2","           2","240200100052","Bretagne Stabilities","Golf","Golf","Sports","NL","        2995","Van Dammeren Interna","          39","31-45 years old","Low Activity","Orion Club Gold","        97.4"
"  1243198099","          10","121061","Retail","US","F","Karen Ballinger","Orion  Club members high activity","       23615","       23615","       15266","       30.25","       199.2","           3","220200200018","Lulu Men's Street Sh","Shoes","Shoes","Clothes & Shoes","SE","         109","Petterson AB","          24","15-30 years old","High Activity","Orion Club","      108.45"
"  1243227745","         171","120141","Retail","AU","M","Robert Bowerman","Orion  Club members high activity","       23619","       23629","       11375","        1.35","         6.4","           2","230100500004","Backpack Flag, 6,5x9","Outdoor Gear","Outdoors","Outdoors","GB","         316","Prime Sports Ltd","          35","31-45 years old","High Activity","Orion Club","         3.7"
"  1243269405","         928","99999999","Catalog","TR","M","Bulent Urfalioglu","Orion Club members low activity","       23623","       23627","        9719","        41.4","        86.3","           1","230100600030","Outback Sleeping Bag","Sleepingbags","Outdoors","Outdoors","DK","         755","Top Sports","          39","31-45 years old","Low Activity","Orion Club","        44.9"
"  1243279343","          27","99999999","Internet","US","F","Cynthia Mccluney","Internet/Catalog Customers","       23624","       23629","        9601","       16.45","        78.4","           2","240500200082","Force Short Sprinter","Running Clothes","Running - Jogging","Sports","BE","        5922","Force Sports","          40","31-45 years old","Not Available","Internet/Catalog Customers","        45.5"
"  1243290080","          31","121057","Retail","US","F","Cynthia Mart\u00ednez","Orion Club Gold members medium activity","       23625","       23625","        6063","       25.25","        50.3","           1","220200100137","Big Guy Men's Multic","Eclipse Shoes","Shoes","Clothes & Shoes","US","        1303","Eclipse Inc","          49","46-60 years old","Medium Activity","Orion Club Gold","       25.05"
"  1243290089","          45","121065","Retail","US","F","Dianne Patchin","Orion Club Gold members low activity","       23625","       23625","       13275","        39.2","        78.2","           1","230100600015","Expedition Zero,Medi","Sleepingbags","Outdoors","Outdoors","DK","         755","Top Sports","          30","15-30 years old","Low Activity","Orion Club Gold","          39"
"  1243315613","           5","121026","Retail","US","F","Sandrina Stephano","Orion Club Gold members medium activity","       23628","       23628","       13339","       22.25","        52.5","           1","210200500016","Teen Profleece w/Zip","Lucky Guy, Kids","Children Sports","Children","US","         772","AllSeasons Outdoor C","          30","15-30 years old","Medium Activity","Orion Club Gold","       30.25"
"  1243398628","          12","121051","Retail","US","M","David Black","Orion  Club members medium activity","       23637","       23637","        9598","       44.95","        87.2","           1","240200100053","Bretagne Stabilities","Golf","Golf","Sports","NL","        2995","Van Dammeren Interna","          40","31-45 years old","Medium Activity","Orion Club","       42.25"
"  1243417726","          69","121029","Retail","US","F","Patricia Bertolozzi","Orion Club members low activity","       23639","       23639","       13282","         9.2","        23.5","           1","210200700016","Strap Pants BBO","Olssons, Kids","Children Sports","Children","ES","         798","Sportico","          30","15-30 years old","Low Activity","Orion Club","        14.3"
"  1243462945","          24","99999999","Internet","US","F","Robyn Klem","Internet/Catalog Customers","       23644","       23647","        5997","        19.7","        46.1","           1","240600100102","Sunfit Luffa Bikini","Bathing Suits","Swim Sports","Sports","US","        6153","Nautlius SportsWear","          50","46-60 years old","Not Available","Internet/Catalog Customers","        26.4"
"  1243465031","          41","120195","Retail","AU","M","Wendell Summersby","Orion  Club members medium activity","       23645","       23645","        8006","        28.9","         134","           2","210200600067","Children's Knit Swea","N.D. Gear, Kids","Children Sports","Children","ES","        4742","L\u00fcna sastreria","          44","31-45 years old","Medium Activity","Orion Club","        76.2"
"  1243485097","          11","99999999","Internet","DE","F","Elke Wallstab","Orion  Club members high activity","       23647","       23651","       11550","       19.65","        78.2","           2","220200100002","Cnv Plus Men's Off C","Eclipse Shoes","Shoes","Clothes & Shoes","US","        1303","Eclipse Inc","          34","31-45 years old","High Activity","Orion Club","        38.9"
"  1243515588","          89","121024","Retail","US","F","Wynella Lewis","Orion  Club members high activity","       23650","       23650","       -3017","      125.85","       251.8","           1","240100400098","Rollerskate  Roller","Skates","Assorted Sports Arti","Sports","PT","        1684","Magnifico Sports","          74","61-75 years old","High Activity","Orion Club","      125.95"
"  1243568955","          31","121060","Retail","US","F","Cynthia Mart\u00ednez","Orion Club Gold members medium activity","       23656","       23656","        6063","        78.5","       172.5","           1","220200300096","Mns.raptor Precision","Tracker Shoes","Shoes","Clothes & Shoes","US","        2963","3Top Sports","          49","46-60 years old","Medium Activity","Orion Club Gold","          94"
"  1243643970","         171","120138","Retail","AU","M","Robert Bowerman","Orion  Club members high activity","       23665","       23665","       11375","       46.25","       101.5","           1","220200200035","Soft Alta Plus Women","Shoes","Shoes","Clothes & Shoes","US","        1747","Pro Sportswear Inc","          35","31-45 years old","High Activity","Orion Club","       55.25"
"  1243644877","       70079","99999999","Internet","CA","F","Lera Knott","Orion  Club members medium activity","       23665","       23668","       15897","        6.75","        14.6","           1","240200100098","Grandslam Staff Grip","Golf","Golf","Sports","US","        3808","Carolina Sports","          23","15-30 years old","Medium Activity","Orion Club","        7.85"
"  1243661763","          41","120124","Retail","AU","M","Wendell Summersby","Orion  Club members medium activity","       23667","       23667","        8006","        6.05","        29.4","           2","240100100463","Sparkle Spray Orange","Assorted Sports arti","Assorted Sports Arti","Sports","CA","       16814","CrystalClear Optics","          44","31-45 years old","Medium Activity","Orion Club","        17.3"
"  1243670182","          69","121065","Retail","US","F","Patricia Bertolozzi","Orion Club members low activity","       23667","       23667","       13282","        1.35","         3.2","           1","230100500004","Backpack Flag, 6,5x9","Outdoor Gear","Outdoors","Outdoors","GB","         316","Prime Sports Ltd","          30","15-30 years old","Low Activity","Orion Club","        1.85"
"  1243680376","          31","121061","Retail","US","F","Cynthia Mart\u00ednez","Orion Club Gold members medium activity","       23668","       23668","        6063","       29.95","        63.5","           1","220200100190","Woman's Air Imara","Eclipse Shoes","Shoes","Clothes & Shoes","US","        1303","Eclipse Inc","          49","46-60 years old","Medium Activity","Orion Club Gold","       33.55"
"  1243797399","          10","121053","Retail","US","F","Karen Ballinger","Orion  Club members high activity","       23681","       23681","       15266","      251.35","      1066.4","           2","240300100028","Letour Heart Bike","Fitness","Indoor Sports","Sports","NL","       16542","TrimSport B.V.","          24","15-30 years old","High Activity","Orion Club","       563.7"
"  1243799681","          41","120128","Retail","AU","M","Wendell Summersby","Orion  Club members medium activity","       23682","       23682","        8006","        8.45","          17","           1","220100100354","Insu F.I.T Basic","Eclipse Clothing","Clothes","Clothes & Shoes","US","        1303","Eclipse Inc","          44","31-45 years old","Medium Activity","Orion Club","        8.55"
"  1243817278","         171","120127","Retail","AU","M","Robert Bowerman","Orion  Club members high activity","       23684","       23684","       11375","        8.85","          19","           1","220101400328","Stars Swim Suit","Tracker Clothes","Clothes","Clothes & Shoes","US","        2963","3Top Sports","          35","31-45 years old","High Activity","Orion Club","       10.15"
"  1243887390","         908","99999999","Catalog","TR","M","Avni Umran","Orion Club Gold members high activity","       23691","       23695","       13489","       253.2","       519.3","           1","230100700008","Family Holiday 4","Tents","Outdoors","Outdoors","SE","         109","Petterson AB","          29","15-30 years old","High Activity","Orion Club Gold","       266.1"
"  1243951648","          34","121068","Retail","US","M","Alvan Goheen","Orion Club members low activity","       23698","       23698","       14993","        41.4","        86.3","           1","230100600030","Outback Sleeping Bag","Sleepingbags","Outdoors","Outdoors","DK","         755","Top Sports","          25","15-30 years old","Low Activity","Orion Club","        44.9"
"  1243960910","          90","121028","Retail","US","F","Kyndal Hooks","Orion Club Gold members high activity","       23699","       23699","        7883","        15.5","        69.4","           2","210200100009","Kids Sweat Round Nec","A-Team, Kids","Children Sports","Children","US","        3298","A Team Sports","          44","31-45 years old","High Activity","Orion Club Gold","        38.4"
"  1243963366","         215","120175","Retail","AU","M","Ramesh Trentholme","Orion Club Gold members medium activity","       23700","       23700","        2327","         9.2","        60.8","           2","240600100080","Sharky Swimming Trun","Bathing Suits","Swim Sports","Sports","US","       16292","Dolphin Sportswear I","          60","46-60 years old","Medium Activity","Orion Club Gold","        42.4"
"  1243992813","       70187","99999999","Catalog","CA","F","Soberina Berent","Orion  Club members medium activity","       23703","       23708","       15975","        4.15","         8.2","           1","220100100421","Trois-fit Running Qt","Eclipse Clothing","Clothes","Clothes & Shoes","US","        1303","Eclipse Inc","          22","15-30 years old","Medium Activity","Orion Club","        4.05"
"  1244066194","        2806","99999999","Catalog","ZA","F","Raedene Van Den Berg","Orion  Club members medium activity","       23710","       23714","       16695","        13.9","        31.4","           1","240100100159","A-team Smoothsport B","Assorted Sports arti","Assorted Sports Arti","Sports","US","        3298","A Team Sports","          20","15-30 years old","Medium Activity","Orion Club","        17.5"
"  1244086685","       14104","99999999","Internet","IL","M","Zweig, Avinoam","Orion  Club members medium activity","       23713","       23716","        7953","        20.2","        80.4","           2","220100100516","Woman's Dri Fit Airb","Eclipse Clothing","Clothes","Clothes & Shoes","US","        1303","Eclipse Inc","          44","31-45 years old","Medium Activity","Orion Club","          40"
"  1244107612","          45","121107","Retail","US","F","Dianne Patchin","Orion Club Gold members low activity","       23715","       23715","       13275","        12.3","         118","           5","240700100001","Armour L","American Football","Team Sports","Sports","US","        3298","A Team Sports","          30","15-30 years old","Low Activity","Orion Club Gold","        56.5"
"  1244117101","          45","121109","Retail","US","F","Dianne Patchin","Orion Club Gold members low activity","       23716","       23716","       13275","         9.3","        45.7","           2","240700100007","Football - Helmet M","American Football","Team Sports","Sports","US","        3298","A Team Sports","          30","15-30 years old","Low Activity","Orion Club Gold","        27.1"
"  1244117109","          49","121117","Retail","US","F","Annmarie Leveille","Orion Club Gold members high activity","       23716","       23716","       15172","         5.6","        24.8","           2","240700400003","Red Cap","Soccer","Team Sports","Sports","GB","        6071","SportsFan Products L","          25","15-30 years old","High Activity","Orion Club Gold","        13.6"
"  1244171290","          31","121121","Retail","US","F","Cynthia Mart\u00ednez","Orion Club Gold members medium activity","       23722","       23722","        6063","       105.3","       760.8","           3","240800100042","Helmsdale Ski Pants","Ski Dress","Winter Sports","Sports","US","         772","AllSeasons Outdoor C","          49","46-60 years old","Medium Activity","Orion Club Gold","       444.9"
"  1244181114","          10","121092","Retail","US","F","Karen Ballinger","Orion  Club members high activity","       23723","       23723","       15266","        14.5","        95.1","           3","240500200016","T-Shirt","Running Clothes","Running - Jogging","Sports","US","        2963","3Top Sports","          24","15-30 years old","High Activity","Orion Club","        51.6"
"  1244197366","          89","121118","Retail","US","F","Wynella Lewis","Orion  Club members high activity","       23725","       23725","       -3017","        10.3","        75.2","           4","240700200018","Helmet L","Baseball","Team Sports","Sports","US","       15218","Miller Trading Inc","          74","61-75 years old","High Activity","Orion Club","          34"
"  1244296274","           5","121040","Retail","US","F","Sandrina Stephano","Orion Club Gold members medium activity","       23736","       23736","       13339","         5.7","        33.8","           2","220101400130","Comp. Women's Sleeve","Tracker Clothes","Clothes","Clothes & Shoes","US","        2963","3Top Sports","          30","15-30 years old","Medium Activity","Orion Club Gold","        22.4"
