Employee_ID,Employee_Country,Employee_Name,Employee_Gender,Job,Manager_Hierarchy,employee_birthdate,employee_hire_date,employee_term_date,salary
120101,AU,Patrick Lu,M,"[{""level"":1,""id"":""Orion Australia""},{""level"":2,""id"":""Sales Management""},{""level"":3,""id"":""Sales Management""},{""level"":4,""id"":""Sales Management""},{""level"":5,""id"":""Director""}]","[{""level"":1,""id"":""120261""},{""level"":2,""id"":""120259""}]",18AUG1993,01JUL2020,.,"$195,648 "
120102,AU,Tom Zhou,M,"[{""level"":1,""id"":""Orion Australia""},{""level"":2,""id"":""Sales Management""},{""level"":3,""id"":""Sales Management""},{""level"":4,""id"":""Sales Management""},{""level"":5,""id"":""Sales Manager""}]","[{""level"":1,""id"":""120101""},{""level"":2,""id"":""120261""},{""level"":3,""id"":""120259""}]",11AUG1986,01JUN2006,.,"$129,906 "
120103,AU,Wilson Dawes,M,"[{""level"":1,""id"":""Orion Australia""},{""level"":2,""id"":""Sales Management""},{""level"":3,""id"":""Sales Management""},{""level"":4,""id"":""Sales Management""},{""level"":5,""id"":""Sales Manager""}]","[{""level"":1,""id"":""120101""},{""level"":2,""id"":""120261""},{""level"":3,""id"":""120259""}]",22JAN1966,01JAN1991,.,"$105,570 "
120104,AU,Kareen Billington,F,"[{""level"":1,""id"":""Orion Australia""},{""level"":2,""id"":""Administration""},{""level"":3,""id"":""Administration""},{""level"":4,""id"":""Administration""},{""level"":5,""id"":""Administration Manager""}]","[{""level"":1,""id"":""120101""},{""level"":2,""id"":""120261""},{""level"":3,""id"":""120259""}]",11MAY1971,01JAN1998,.,"$55,476 "
120105,AU,Liz Povey,F,"[{""level"":1,""id"":""Orion Australia""},{""level"":2,""id"":""Administration""},{""level"":3,""id"":""Administration""},{""level"":4,""id"":""Administration""},{""level"":5,""id"":""Secretary I""}]","[{""level"":1,""id"":""120101""},{""level"":2,""id"":""120261""},{""level"":3,""id"":""120259""}]",21DEC1991,01MAY2016,.,"$32,532 "
120106,AU,John Hornsey,M,"[{""level"":1,""id"":""Orion Australia""},{""level"":2,""id"":""Administration""},{""level"":3,""id"":""Administration""},{""level"":4,""id"":""Administration""},{""level"":5,""id"":""Office Assistant II""}]","[{""level"":1,""id"":""120104""},{""level"":2,""id"":""120101""},{""level"":3,""id"":""120261""},{""level"":4,""id"":""120259""}]",23DEC1961,01JAN1991,.,"$32,352 "
120107,AU,Sherie Sheedy,F,"[{""level"":1,""id"":""Orion Australia""},{""level"":2,""id"":""Administration""},{""level"":3,""id"":""Administration""},{""level"":4,""id"":""Shipping Charges""},{""level"":5,""id"":""Office Assistant III""}]","[{""level"":1,""id"":""120104""},{""level"":2,""id"":""120101""},{""level"":3,""id"":""120261""},{""level"":4,""id"":""120259""}]",21JAN1966,01FEB1991,.,"$36,570 "
120108,AU,Gladys Gromek,F,"[{""level"":1,""id"":""Orion Australia""},{""level"":2,""id"":""Administration""},{""level"":3,""id"":""Goods Entrance""},{""level"":4,""id"":""Stock Admin""},{""level"":5,""id"":""Warehouse Assistant II""}]","[{""level"":1,""id"":""120104""},{""level"":2,""id"":""120101""},{""level"":3,""id"":""120261""},{""level"":4,""id"":""120259""}]",23FEB2001,01AUG2023,.,"$33,192 "
120109,AU,Gabriele Baker,F,"[{""level"":1,""id"":""Orion Australia""},{""level"":2,""id"":""Administration""},{""level"":3,""id"":""Goods Entrance""},{""level"":4,""id"":""Stock Admin""},{""level"":5,""id"":""Warehouse Assistant I""}]","[{""level"":1,""id"":""120104""},{""level"":2,""id"":""120101""},{""level"":3,""id"":""120261""},{""level"":4,""id"":""120259""}]",15DEC2003,01OCT2023,.,"$31,794 "
120110,AU,Dennis Entwisle,M,"[{""level"":1,""id"":""Orion Australia""},{""level"":2,""id"":""Administration""},{""level"":3,""id"":""Goods Entrance""},{""level"":4,""id"":""Stock Admin""},{""level"":5,""id"":""Warehouse Assistant III""}]","[{""level"":1,""id"":""120104""},{""level"":2,""id"":""120101""},{""level"":3,""id"":""120261""},{""level"":4,""id"":""120259""}]",20NOV1966,01NOV1996,.,"$34,338 "
120111,AU,Ubaldo Spillane,M,"[{""level"":1,""id"":""Orion Australia""},{""level"":2,""id"":""Administration""},{""level"":3,""id"":""Security""},{""level"":4,""id"":""Security Guards""},{""level"":5,""id"":""Security Guard II""}]","[{""level"":1,""id"":""120104""},{""level"":2,""id"":""120101""},{""level"":3,""id"":""120261""},{""level"":4,""id"":""120259""}]",23JUL1966,01NOV1991,.,"$32,274 "
120112,AU,Ellis Glattback,F,"[{""level"":1,""id"":""Orion Australia""},{""level"":2,""id"":""Administration""},{""level"":3,""id"":""Security""},{""level"":4,""id"":""Security Guards""},{""level"":5,""id"":""Security Guard I""}]","[{""level"":1,""id"":""120104""},{""level"":2,""id"":""120101""},{""level"":3,""id"":""120261""},{""level"":4,""id"":""120259""}]",17FEB1986,01JUL2007,.,"$31,860 "
120113,AU,R\u00edu Horsey,F,"[{""level"":1,""id"":""Orion Australia""},{""level"":2,""id"":""Administration""},{""level"":3,""id"":""Security""},{""level"":4,""id"":""Security Guards""},{""level"":5,""id"":""Security Guard II""}]","[{""level"":1,""id"":""120104""},{""level"":2,""id"":""120101""},{""level"":3,""id"":""120261""},{""level"":4,""id"":""120259""}]",10MAY1961,01JAN1991,.,"$32,244 "
120114,AU,Jeannette Buddery,F,"[{""level"":1,""id"":""Orion Australia""},{""level"":2,""id"":""Administration""},{""level"":3,""id"":""Security""},{""level"":4,""id"":""Security Guards""},{""level"":5,""id"":""Security Manager""}]","[{""level"":1,""id"":""120104""},{""level"":2,""id"":""120101""},{""level"":3,""id"":""120261""},{""level"":4,""id"":""120259""}]",08FEB1961,01JAN1991,.,"$37,542 "
120115,AU,Hugh Nichollas,M,"[{""level"":1,""id"":""Orion Australia""},{""level"":2,""id"":""Administration""},{""level"":3,""id"":""Service Center""},{""level"":4,""id"":""Service""},{""level"":5,""id"":""Service Assistant I""}]","[{""level"":1,""id"":""120104""},{""level"":2,""id"":""120101""},{""level"":3,""id"":""120261""},{""level"":4,""id"":""120259""}]",08MAY2001,01AUG2022,.,"$31,800 "
120116,AU,Austen Ralston,M,"[{""level"":1,""id"":""Orion Australia""},{""level"":2,""id"":""Administration""},{""level"":3,""id"":""Service Center""},{""level"":4,""id"":""Service""},{""level"":5,""id"":""Service Assistant II""}]","[{""level"":1,""id"":""120104""},{""level"":2,""id"":""120101""},{""level"":3,""id"":""120261""},{""level"":4,""id"":""120259""}]",13JUN1976,01FEB1997,.,"$35,100 "
120117,AU,Bill Mccleary,M,"[{""level"":1,""id"":""Orion Australia""},{""level"":2,""id"":""Engineering""},{""level"":3,""id"":""Engineering""},{""level"":4,""id"":""Cabinet Maker's Workshop""},{""level"":5,""id"":""Cabinet Maker III""}]","[{""level"":1,""id"":""120104""},{""level"":2,""id"":""120101""},{""level"":3,""id"":""120261""},{""level"":4,""id"":""120259""}]",11SEP1981,01APR2003,.,"$38,004 "
120118,AU,Darshi Hartshorn,M,"[{""level"":1,""id"":""Orion Australia""},{""level"":2,""id"":""Engineering""},{""level"":3,""id"":""Engineering""},{""level"":4,""id"":""Cabinet Maker's Workshop""},{""level"":5,""id"":""Cabinet Maker II""}]","[{""level"":1,""id"":""120104""},{""level"":2,""id"":""120101""},{""level"":3,""id"":""120261""},{""level"":4,""id"":""120259""}]",03JUN1976,01JUL2001,.,"$33,708 "
120119,AU,Lal Elleman,M,"[{""level"":1,""id"":""Orion Australia""},{""level"":2,""id"":""Engineering""},{""level"":3,""id"":""Engineering""},{""level"":4,""id"":""Electrical Workshop""},{""level"":5,""id"":""Electrician IV""}]","[{""level"":1,""id"":""120104""},{""level"":2,""id"":""120101""},{""level"":3,""id"":""120261""},{""level"":4,""id"":""120259""}]",21DEC1986,01JAN2015,.,"$36,306 "
120120,AU,Krishna Peiris,F,"[{""level"":1,""id"":""Orion Australia""},{""level"":2,""id"":""Engineering""},{""level"":3,""id"":""Engineering""},{""level"":4,""id"":""Electrical Workshop""},{""level"":5,""id"":""Electrician II""}]","[{""level"":1,""id"":""120104""},{""level"":2,""id"":""120101""},{""level"":3,""id"":""120261""},{""level"":4,""id"":""120259""}]",05MAY1961,01JAN1991,.,"$33,174 "
120121,AU,Irenie Elvish,F,"[{""level"":1,""id"":""Orion Australia""},{""level"":2,""id"":""Sales""},{""level"":3,""id"":""Sales""},{""level"":4,""id"":""Assorted Sports Articles""},{""level"":5,""id"":""Sales Rep. II""}]","[{""level"":1,""id"":""120102""},{""level"":2,""id"":""120101""},{""level"":3,""id"":""120261""},{""level"":4,""id"":""120259""}]",02AUG1961,01JAN1991,.,"$31,920 "
120122,AU,Christina Ngan,F,"[{""level"":1,""id"":""Orion Australia""},{""level"":2,""id"":""Sales""},{""level"":3,""id"":""Sales""},{""level"":4,""id"":""Assorted Sports Articles""},{""level"":5,""id"":""Sales Rep. II""}]","[{""level"":1,""id"":""120102""},{""level"":2,""id"":""120101""},{""level"":3,""id"":""120261""},{""level"":4,""id"":""120259""}]",27JUL1971,01JUL1995,.,"$32,970 "
120123,AU,Kimiko Hotstone,F,"[{""level"":1,""id"":""Orion Australia""},{""level"":2,""id"":""Sales""},{""level"":3,""id"":""Sales""},{""level"":4,""id"":""Assorted Sports Articles""},{""level"":5,""id"":""Sales Rep. I""}]","[{""level"":1,""id"":""120102""},{""level"":2,""id"":""120101""},{""level"":3,""id"":""120261""},{""level"":4,""id"":""120259""}]",28SEP1981,01OCT2002,31JAN2022,"$31,428 "
120124,AU,Lucian Daymond,M,"[{""level"":1,""id"":""Orion Australia""},{""level"":2,""id"":""Sales""},{""level"":3,""id"":""Sales""},{""level"":4,""id"":""Assorted Sports Articles""},{""level"":5,""id"":""Sales Rep. I""}]","[{""level"":1,""id"":""120102""},{""level"":2,""id"":""120101""},{""level"":3,""id"":""120261""},{""level"":4,""id"":""120259""}]",13MAY1976,01MAR1996,.,"$31,776 "
120125,AU,Fong Hofmeister,M,"[{""level"":1,""id"":""Orion Australia""},{""level"":2,""id"":""Sales""},{""level"":3,""id"":""Sales""},{""level"":4,""id"":""Children Sports""},{""level"":5,""id"":""Sales Rep. IV""}]","[{""level"":1,""id"":""120102""},{""level"":2,""id"":""120101""},{""level"":3,""id"":""120261""},{""level"":4,""id"":""120259""}]",06DEC1971,01MAR1996,31JUL2021,"$38,448 "
120126,AU,Satyakam Denny,M,"[{""level"":1,""id"":""Orion Australia""},{""level"":2,""id"":""Sales""},{""level"":3,""id"":""Sales""},{""level"":4,""id"":""Children Sports""},{""level"":5,""id"":""Sales Rep. II""}]","[{""level"":1,""id"":""120102""},{""level"":2,""id"":""120101""},{""level"":3,""id"":""120261""},{""level"":4,""id"":""120259""}]",20SEP2005,01AUG2023,.,"$32,136 "
120127,AU,Sharryn Clarkson,F,"[{""level"":1,""id"":""Orion Australia""},{""level"":2,""id"":""Sales""},{""level"":3,""id"":""Sales""},{""level"":4,""id"":""Clothes""},{""level"":5,""id"":""Sales Rep. II""}]","[{""level"":1,""id"":""120102""},{""level"":2,""id"":""120101""},{""level"":3,""id"":""120261""},{""level"":4,""id"":""120259""}]",04JAN1996,01NOV2015,.,"$33,720 "
120128,AU,Monica Kletschkus,F,"[{""level"":1,""id"":""Orion Australia""},{""level"":2,""id"":""Sales""},{""level"":3,""id"":""Sales""},{""level"":4,""id"":""Clothes""},{""level"":5,""id"":""Sales Rep. IV""}]","[{""level"":1,""id"":""120102""},{""level"":2,""id"":""120101""},{""level"":3,""id"":""120261""},{""level"":4,""id"":""120259""}]",14JUL2003,01NOV2023,.,"$37,068 "
120129,AU,Alvin Roebuck,M,"[{""level"":1,""id"":""Orion Australia""},{""level"":2,""id"":""Sales""},{""level"":3,""id"":""Sales""},{""level"":4,""id"":""Clothes""},{""level"":5,""id"":""Sales Rep. III""}]","[{""level"":1,""id"":""120102""},{""level"":2,""id"":""120101""},{""level"":3,""id"":""120261""},{""level"":4,""id"":""120259""}]",22NOV1981,01OCT2002,31MAR2020,"$36,084 "
120130,AU,Kevin Lyon,M,"[{""level"":1,""id"":""Orion Australia""},{""level"":2,""id"":""Sales""},{""level"":3,""id"":""Sales""},{""level"":4,""id"":""Clothes""},{""level"":5,""id"":""Sales Rep. I""}]","[{""level"":1,""id"":""120102""},{""level"":2,""id"":""120101""},{""level"":3,""id"":""120261""},{""level"":4,""id"":""120259""}]",14DEC2001,01MAY2023,.,"$32,346 "
120131,AU,Marinus Surawski,M,"[{""level"":1,""id"":""Orion Australia""},{""level"":2,""id"":""Sales""},{""level"":3,""id"":""Sales""},{""level"":4,""id"":""Golf""},{""level"":5,""id"":""Sales Rep. I""}]","[{""level"":1,""id"":""120102""},{""level"":2,""id"":""120101""},{""level"":3,""id"":""120261""},{""level"":4,""id"":""120259""}]",25SEP1996,01JAN2020,.,"$32,292 "
120132,AU,Fancine Kaiser,F,"[{""level"":1,""id"":""Orion Australia""},{""level"":2,""id"":""Sales""},{""level"":3,""id"":""Sales""},{""level"":4,""id"":""Golf""},{""level"":5,""id"":""Sales Rep. III""}]","[{""level"":1,""id"":""120102""},{""level"":2,""id"":""120101""},{""level"":3,""id"":""120261""},{""level"":4,""id"":""120259""}]",05APR1966,01OCT1995,.,"$34,230 "
120133,AU,Petrea Soltau,F,"[{""level"":1,""id"":""Orion Australia""},{""level"":2,""id"":""Sales""},{""level"":3,""id"":""Sales""},{""level"":4,""id"":""Golf""},{""level"":5,""id"":""Sales Rep. II""}]","[{""level"":1,""id"":""120102""},{""level"":2,""id"":""120101""},{""level"":3,""id"":""120261""},{""level"":4,""id"":""120259""}]",22APR2003,01OCT2023,.,"$32,928 "
120134,AU,Si\u00e2n Shannan,M,"[{""level"":1,""id"":""Orion Australia""},{""level"":2,""id"":""Sales""},{""level"":3,""id"":""Sales""},{""level"":4,""id"":""Golf""},{""level"":5,""id"":""Sales Rep. II""}]","[{""level"":1,""id"":""120102""},{""level"":2,""id"":""120101""},{""level"":3,""id"":""120261""},{""level"":4,""id"":""120259""}]",06JUN1966,01JAN1991,30JUN2023,"$33,618 "
120135,AU,Alexei Platts,M,"[{""level"":1,""id"":""Orion Australia""},{""level"":2,""id"":""Sales""},{""level"":3,""id"":""Sales""},{""level"":4,""id"":""Indoor Sports""},{""level"":5,""id"":""Sales Rep. IV""}]","[{""level"":1,""id"":""120102""},{""level"":2,""id"":""120101""},{""level"":3,""id"":""120261""},{""level"":4,""id"":""120259""}]",26JAN1986,01OCT2014,30APR2021,"$38,988 "
120136,AU,Atul Leyden,M,"[{""level"":1,""id"":""Orion Australia""},{""level"":2,""id"":""Sales""},{""level"":3,""id"":""Sales""},{""level"":4,""id"":""Indoor Sports""},{""level"":5,""id"":""Sales Rep. I""}]","[{""level"":1,""id"":""120102""},{""level"":2,""id"":""120101""},{""level"":3,""id"":""120261""},{""level"":4,""id"":""120259""}]",16SEP1996,01FEB2020,.,"$31,926 "
120137,AU,Marina Iyengar,F,"[{""level"":1,""id"":""Orion Australia""},{""level"":2,""id"":""Sales""},{""level"":3,""id"":""Sales""},{""level"":4,""id"":""Shoes""},{""level"":5,""id"":""Sales Rep. III""}]","[{""level"":1,""id"":""120102""},{""level"":2,""id"":""120101""},{""level"":3,""id"":""120261""},{""level"":4,""id"":""120259""}]",12MAR1996,01MAR2023,.,"$35,658 "
120138,AU,Shani Duckett,F,"[{""level"":1,""id"":""Orion Australia""},{""level"":2,""id"":""Sales""},{""level"":3,""id"":""Sales""},{""level"":4,""id"":""Shoes""},{""level"":5,""id"":""Sales Rep. I""}]","[{""level"":1,""id"":""120102""},{""level"":2,""id"":""120101""},{""level"":3,""id"":""120261""},{""level"":4,""id"":""120259""}]",11JUL1996,01JUL2023,.,"$30,954 "
120139,AU,Fang Wilson,F,"[{""level"":1,""id"":""Orion Australia""},{""level"":2,""id"":""Sales""},{""level"":3,""id"":""Sales""},{""level"":4,""id"":""Shoes""},{""level"":5,""id"":""Sales Rep. II""}]","[{""level"":1,""id"":""120102""},{""level"":2,""id"":""120101""},{""level"":3,""id"":""120261""},{""level"":4,""id"":""120259""}]",18AUG2003,01SEP2023,.,"$32,172 "
120140,AU,Michael Minas,M,"[{""level"":1,""id"":""Orion Australia""},{""level"":2,""id"":""Sales""},{""level"":3,""id"":""Sales""},{""level"":4,""id"":""Outdoors""},{""level"":5,""id"":""Sales Rep. I""}]","[{""level"":1,""id"":""120103""},{""level"":2,""id"":""120101""},{""level"":3,""id"":""120261""},{""level"":4,""id"":""120259""}]",03AUG2005,01OCT2023,.,"$32,364 "
120141,AU,Amanda Liebman,F,"[{""level"":1,""id"":""Orion Australia""},{""level"":2,""id"":""Sales""},{""level"":3,""id"":""Sales""},{""level"":4,""id"":""Outdoors""},{""level"":5,""id"":""Sales Rep. II""}]","[{""level"":1,""id"":""120103""},{""level"":2,""id"":""120101""},{""level"":3,""id"":""120261""},{""level"":4,""id"":""120259""}]",12MAR2005,01MAY2023,.,"$32,958 "
120142,AU,Vincent Eastley,M,"[{""level"":1,""id"":""Orion Australia""},{""level"":2,""id"":""Sales""},{""level"":3,""id"":""Sales""},{""level"":4,""id"":""Outdoors""},{""level"":5,""id"":""Sales Rep. III""}]","[{""level"":1,""id"":""120103""},{""level"":2,""id"":""120101""},{""level"":3,""id"":""120261""},{""level"":4,""id"":""120259""}]",14JUN2003,01JUL2023,.,"$35,634 "
120143,AU,Phu Sloey,M,"[{""level"":1,""id"":""Orion Australia""},{""level"":2,""id"":""Sales""},{""level"":3,""id"":""Sales""},{""level"":4,""id"":""Outdoors""},{""level"":5,""id"":""Sales Rep. II""}]","[{""level"":1,""id"":""120103""},{""level"":2,""id"":""120101""},{""level"":3,""id"":""120261""},{""level"":4,""id"":""120259""}]",17MAY1976,01OCT1999,.,"$32,148 "
120144,AU,Viney Barbis,M,"[{""level"":1,""id"":""Orion Australia""},{""level"":2,""id"":""Sales""},{""level"":3,""id"":""Sales""},{""level"":4,""id"":""Outdoors""},{""level"":5,""id"":""Sales Rep. III""}]","[{""level"":1,""id"":""120103""},{""level"":2,""id"":""120101""},{""level"":3,""id"":""120261""},{""level"":4,""id"":""120259""}]",07MAR2003,01OCT2023,.,"$36,318 "
120145,AU,Sandy Aisbitt,M,"[{""level"":1,""id"":""Orion Australia""},{""level"":2,""id"":""Sales""},{""level"":3,""id"":""Sales""},{""level"":4,""id"":""Outdoors""},{""level"":5,""id"":""Sales Rep. II""}]","[{""level"":1,""id"":""120103""},{""level"":2,""id"":""120101""},{""level"":3,""id"":""120261""},{""level"":4,""id"":""120259""}]",22JAN1981,01JUN2002,.,"$31,272 "
120146,AU,Wendall Cederlund,M,"[{""level"":1,""id"":""Orion Australia""},{""level"":2,""id"":""Sales""},{""level"":3,""id"":""Sales""},{""level"":4,""id"":""Outdoors""},{""level"":5,""id"":""Sales Rep. I""}]","[{""level"":1,""id"":""120103""},{""level"":2,""id"":""120101""},{""level"":3,""id"":""120261""},{""level"":4,""id"":""120259""}]",02OCT1976,01AUG1997,30SEP2022,"$31,182 "
120147,AU,Skev Rusli,F,"[{""level"":1,""id"":""Orion Australia""},{""level"":2,""id"":""Sales""},{""level"":3,""id"":""Sales""},{""level"":4,""id"":""Outdoors""},{""level"":5,""id"":""Sales Rep. II""}]","[{""level"":1,""id"":""120103""},{""level"":2,""id"":""120101""},{""level"":3,""id"":""120261""},{""level"":4,""id"":""120259""}]",19JAN2005,01OCT2023,.,"$31,896 "
120148,AU,Michael Zubak,M,"[{""level"":1,""id"":""Orion Australia""},{""level"":2,""id"":""Sales""},{""level"":3,""id"":""Sales""},{""level"":4,""id"":""Outdoors""},{""level"":5,""id"":""Sales Rep. III""}]","[{""level"":1,""id"":""120103""},{""level"":2,""id"":""120101""},{""level"":3,""id"":""120261""},{""level"":4,""id"":""120259""}]",13SEP1966,01JUN1995,.,"$34,176 "
120149,AU,Judy Chantharasy,F,"[{""level"":1,""id"":""Orion Australia""},{""level"":2,""id"":""Sales""},{""level"":3,""id"":""Sales""},{""level"":4,""id"":""Outdoors""},{""level"":5,""id"":""Sales Rep. I""}]","[{""level"":1,""id"":""120103""},{""level"":2,""id"":""120101""},{""level"":3,""id"":""120261""},{""level"":4,""id"":""120259""}]",21NOV1991,01JAN2010,.,"$31,668 "
120150,AU,John Filo,M,"[{""level"":1,""id"":""Orion Australia""},{""level"":2,""id"":""Sales""},{""level"":3,""id"":""Sales""},{""level"":4,""id"":""Outdoors""},{""level"":5,""id"":""Sales Rep. III""}]","[{""level"":1,""id"":""120103""},{""level"":2,""id"":""120101""},{""level"":3,""id"":""120261""},{""level"":4,""id"":""120259""}]",09JUL1971,01AUG1999,30APR2021,"$35,958 "
120151,AU,Julianna Phaiyakounh,F,"[{""level"":1,""id"":""Orion Australia""},{""level"":2,""id"":""Sales""},{""level"":3,""id"":""Sales""},{""level"":4,""id"":""Outdoors""},{""level"":5,""id"":""Sales Rep. II""}]","[{""level"":1,""id"":""120103""},{""level"":2,""id"":""120101""},{""level"":3,""id"":""120261""},{""level"":4,""id"":""120259""}]",21NOV1961,01JAN1991,.,"$31,824 "
120152,AU,Sean Dives,M,"[{""level"":1,""id"":""Orion Australia""},{""level"":2,""id"":""Sales""},{""level"":3,""id"":""Sales""},{""level"":4,""id"":""Racket Sports""},{""level"":5,""id"":""Sales Rep. I""}]","[{""level"":1,""id"":""120102""},{""level"":2,""id"":""120101""},{""level"":3,""id"":""120261""},{""level"":4,""id"":""120259""}]",01MAY1996,01APR2022,.,"$31,818 "
120153,AU,Samantha Waal,F,"[{""level"":1,""id"":""Orion Australia""},{""level"":2,""id"":""Sales""},{""level"":3,""id"":""Sales""},{""level"":4,""id"":""Racket Sports""},{""level"":5,""id"":""Sales Rep. I""}]","[{""level"":1,""id"":""120102""},{""level"":2,""id"":""120101""},{""level"":3,""id"":""120261""},{""level"":4,""id"":""120259""}]",07MAY1996,01JAN2015,31JAN2023,"$32,712 "
120154,AU,Caterina Hayawardhana,F,"[{""level"":1,""id"":""Orion Australia""},{""level"":2,""id"":""Sales""},{""level"":3,""id"":""Sales""},{""level"":4,""id"":""Racket Sports""},{""level"":5,""id"":""Sales Rep. III""}]","[{""level"":1,""id"":""120102""},{""level"":2,""id"":""120101""},{""level"":3,""id"":""120261""},{""level"":4,""id"":""120259""}]",20JUL1961,01JAN1991,.,"$36,588 "
120155,AU,Narelle James,F,"[{""level"":1,""id"":""Orion Australia""},{""level"":2,""id"":""Sales""},{""level"":3,""id"":""Sales""},{""level"":4,""id"":""Racket Sports""},{""level"":5,""id"":""Sales Rep. III""}]","[{""level"":1,""id"":""120102""},{""level"":2,""id"":""120101""},{""level"":3,""id"":""120261""},{""level"":4,""id"":""120259""}]",22APR2001,01APR2023,.,"$35,988 "
120156,AU,Gerry Snellings,F,"[{""level"":1,""id"":""Orion Australia""},{""level"":2,""id"":""Sales""},{""level"":3,""id"":""Sales""},{""level"":4,""id"":""Racket Sports""},{""level"":5,""id"":""Sales Rep. I""}]","[{""level"":1,""id"":""120102""},{""level"":2,""id"":""120101""},{""level"":3,""id"":""120261""},{""level"":4,""id"":""120259""}]",01SEP2005,01MAR2023,.,"$31,734 "
120157,AU,Leonid Karavdic,M,"[{""level"":1,""id"":""Orion Australia""},{""level"":2,""id"":""Sales""},{""level"":3,""id"":""Sales""},{""level"":4,""id"":""Racket Sports""},{""level"":5,""id"":""Sales Rep. II""}]","[{""level"":1,""id"":""120102""},{""level"":2,""id"":""120101""},{""level"":3,""id"":""120261""},{""level"":4,""id"":""120259""}]",21FEB2003,01DEC2023,.,"$33,432 "
120158,AU,Daniel Pilgrim,M,"[{""level"":1,""id"":""Orion Australia""},{""level"":2,""id"":""Sales""},{""level"":3,""id"":""Sales""},{""level"":4,""id"":""Racket Sports""},{""level"":5,""id"":""Sales Rep. III""}]","[{""level"":1,""id"":""120102""},{""level"":2,""id"":""120101""},{""level"":3,""id"":""120261""},{""level"":4,""id"":""120259""}]",14JUL1981,01JUL2004,31AUG2022,"$43,926 "
120159,AU,Lynelle Phoumirath,F,"[{""level"":1,""id"":""Orion Australia""},{""level"":2,""id"":""Sales""},{""level"":3,""id"":""Sales""},{""level"":4,""id"":""Racket Sports""},{""level"":5,""id"":""Sales Rep. IV""}]","[{""level"":1,""id"":""120102""},{""level"":2,""id"":""120101""},{""level"":3,""id"":""120261""},{""level"":4,""id"":""120259""}]",24FEB1981,01JUL2003,.,"$36,918 "
120160,AU,Chuck Segrave,M,"[{""level"":1,""id"":""Orion Australia""},{""level"":2,""id"":""Sales""},{""level"":3,""id"":""Sales""},{""level"":4,""id"":""Racket Sports""},{""level"":5,""id"":""Sales Rep. I""}]","[{""level"":1,""id"":""120102""},{""level"":2,""id"":""120101""},{""level"":3,""id"":""120261""},{""level"":4,""id"":""120259""}]",09SEP1971,01OCT1991,.,"$32,538 "
120161,AU,Rosette Martines,F,"[{""level"":1,""id"":""Orion Australia""},{""level"":2,""id"":""Sales""},{""level"":3,""id"":""Sales""},{""level"":4,""id"":""Running - Jogging""},{""level"":5,""id"":""Sales Rep. III""}]","[{""level"":1,""id"":""120102""},{""level"":2,""id"":""120101""},{""level"":3,""id"":""120261""},{""level"":4,""id"":""120259""}]",07MAR2005,01OCT2023,.,"$36,942 "
120162,AU,Randal Scordia,M,"[{""level"":1,""id"":""Orion Australia""},{""level"":2,""id"":""Sales""},{""level"":3,""id"":""Sales""},{""level"":4,""id"":""Running - Jogging""},{""level"":5,""id"":""Sales Rep. I""}]","[{""level"":1,""id"":""120102""},{""level"":2,""id"":""120101""},{""level"":3,""id"":""120261""},{""level"":4,""id"":""120259""}]",05SEP2005,01FEB2023,.,"$32,658 "
120163,AU,Brett Magrath,M,"[{""level"":1,""id"":""Orion Australia""},{""level"":2,""id"":""Sales""},{""level"":3,""id"":""Sales""},{""level"":4,""id"":""Running - Jogging""},{""level"":5,""id"":""Sales Rep. II""}]","[{""level"":1,""id"":""120102""},{""level"":2,""id"":""120101""},{""level"":3,""id"":""120261""},{""level"":4,""id"":""120259""}]",22MAY1981,01JAN2008,.,"$32,082 "
120164,AU,Ranj Stamalis,F,"[{""level"":1,""id"":""Orion Australia""},{""level"":2,""id"":""Sales""},{""level"":3,""id"":""Sales""},{""level"":4,""id"":""Running - Jogging""},{""level"":5,""id"":""Sales Rep. II""}]","[{""level"":1,""id"":""120102""},{""level"":2,""id"":""120101""},{""level"":3,""id"":""120261""},{""level"":4,""id"":""120259""}]",26NOV1976,01FEB1999,.,"$32,940 "
120165,AU,Tadashi Pretorius,M,"[{""level"":1,""id"":""Orion Australia""},{""level"":2,""id"":""Sales""},{""level"":3,""id"":""Sales""},{""level"":4,""id"":""Running - Jogging""},{""level"":5,""id"":""Sales Rep. I""}]","[{""level"":1,""id"":""120102""},{""level"":2,""id"":""120101""},{""level"":3,""id"":""120261""},{""level"":4,""id"":""120259""}]",19MAR2001,01MAR2023,.,"$32,460 "
120166,AU,Fadi Nowd,M,"[{""level"":1,""id"":""Orion Australia""},{""level"":2,""id"":""Sales""},{""level"":3,""id"":""Sales""},{""level"":4,""id"":""Running - Jogging""},{""level"":5,""id"":""Sales Rep. IV""}]","[{""level"":1,""id"":""120102""},{""level"":2,""id"":""120101""},{""level"":3,""id"":""120261""},{""level"":4,""id"":""120259""}]",14JUN1961,01JAN1991,31AUG2023,"$36,792 "
120167,AU,Kimiko Tilley,F,"[{""level"":1,""id"":""Orion Australia""},{""level"":2,""id"":""Sales""},{""level"":3,""id"":""Sales""},{""level"":4,""id"":""Running - Jogging""},{""level"":5,""id"":""Sales Rep. I""}]","[{""level"":1,""id"":""120102""},{""level"":2,""id"":""120101""},{""level"":3,""id"":""120261""},{""level"":4,""id"":""120259""}]",04MAY1971,01FEB1991,31MAR2023,"$30,222 "
120168,AU,Selina Barcoe,F,"[{""level"":1,""id"":""Orion Australia""},{""level"":2,""id"":""Sales""},{""level"":3,""id"":""Sales""},{""level"":4,""id"":""Swim Sports""},{""level"":5,""id"":""Sales Rep. I""}]","[{""level"":1,""id"":""120102""},{""level"":2,""id"":""120101""},{""level"":3,""id"":""120261""},{""level"":4,""id"":""120259""}]",24MAR2001,01NOV2023,.,"$30,330 "
120169,AU,Cos Tannous,M,"[{""level"":1,""id"":""Orion Australia""},{""level"":2,""id"":""Sales""},{""level"":3,""id"":""Sales""},{""level"":4,""id"":""Swim Sports""},{""level"":5,""id"":""Sales Rep. III""}]","[{""level"":1,""id"":""120102""},{""level"":2,""id"":""120101""},{""level"":3,""id"":""120261""},{""level"":4,""id"":""120259""}]",02JAN2001,01MAY2023,.,"$33,762 "
120170,AU,Alban Kingston,M,"[{""level"":1,""id"":""Orion Australia""},{""level"":2,""id"":""Sales""},{""level"":3,""id"":""Sales""},{""level"":4,""id"":""Swim Sports""},{""level"":5,""id"":""Sales Rep. III""}]","[{""level"":1,""id"":""120102""},{""level"":2,""id"":""120101""},{""level"":3,""id"":""120261""},{""level"":4,""id"":""120259""}]",25FEB1991,01OCT2009,31OCT2023,"$34,596 "
120171,AU,Alena Moody,F,"[{""level"":1,""id"":""Orion Australia""},{""level"":2,""id"":""Sales""},{""level"":3,""id"":""Sales""},{""level"":4,""id"":""Swim Sports""},{""level"":5,""id"":""Sales Rep. II""}]","[{""level"":1,""id"":""120102""},{""level"":2,""id"":""120101""},{""level"":3,""id"":""120261""},{""level"":4,""id"":""120259""}]",19JUL2001,01SEP2023,.,"$31,446 "
120172,AU,Edwin Comber,M,"[{""level"":1,""id"":""Orion Australia""},{""level"":2,""id"":""Sales""},{""level"":3,""id"":""Sales""},{""level"":4,""id"":""Swim Sports""},{""level"":5,""id"":""Sales Rep. III""}]","[{""level"":1,""id"":""120102""},{""level"":2,""id"":""120101""},{""level"":3,""id"":""120261""},{""level"":4,""id"":""120259""}]",01APR1961,01JAN1991,.,"$34,014 "
120173,AU,Hernani Osborn,M,"[{""level"":1,""id"":""Orion Australia""},{""level"":2,""id"":""Sales""},{""level"":3,""id"":""Sales""},{""level"":4,""id"":""Swim Sports""},{""level"":5,""id"":""Sales Rep. I""}]","[{""level"":1,""id"":""120102""},{""level"":2,""id"":""120101""},{""level"":3,""id"":""120261""},{""level"":4,""id"":""120259""}]",23FEB1971,01JUN1994,31JUL2021,"$32,058 "
120174,AU,Doungkamol Simms,F,"[{""level"":1,""id"":""Orion Australia""},{""level"":2,""id"":""Sales""},{""level"":3,""id"":""Sales""},{""level"":4,""id"":""Swim Sports""},{""level"":5,""id"":""Sales Rep. I""}]","[{""level"":1,""id"":""120102""},{""level"":2,""id"":""120101""},{""level"":3,""id"":""120261""},{""level"":4,""id"":""120259""}]",10JAN1961,01JAN1991,30OCT2022,"$32,220 "
120175,AU,Andrew Conolly,M,"[{""level"":1,""id"":""Orion Australia""},{""level"":2,""id"":""Sales""},{""level"":3,""id"":""Sales""},{""level"":4,""id"":""Swim Sports""},{""level"":5,""id"":""Sales Rep. I""}]","[{""level"":1,""id"":""120102""},{""level"":2,""id"":""120101""},{""level"":3,""id"":""120261""},{""level"":4,""id"":""120259""}]",18AUG2005,01OCT2023,.,"$30,894 "
120176,AU,Koavea Pa),M,"[{""level"":1,""id"":""Orion Australia""},{""level"":2,""id"":""Sales""},{""level"":3,""id"":""Sales""},{""level"":4,""id"":""Team Sports""},{""level"":5,""id"":""Sales Rep. I""}]","[{""level"":1,""id"":""120102""},{""level"":2,""id"":""120101""},{""level"":3,""id"":""120261""},{""level"":4,""id"":""120259""}]",09NOV2003,01NOV2023,.,"$31,314 "
120177,AU,Franca Kierce,F,"[{""level"":1,""id"":""Orion Australia""},{""level"":2,""id"":""Sales""},{""level"":3,""id"":""Sales""},{""level"":4,""id"":""Team Sports""},{""level"":5,""id"":""Sales Rep. III""}]","[{""level"":1,""id"":""120102""},{""level"":2,""id"":""120101""},{""level"":3,""id"":""120261""},{""level"":4,""id"":""120259""}]",05APR1996,01FEB2015,.,"$34,494 "
120178,AU,Billy Plested,M,"[{""level"":1,""id"":""Orion Australia""},{""level"":2,""id"":""Sales""},{""level"":3,""id"":""Sales""},{""level"":4,""id"":""Team Sports""},{""level"":5,""id"":""Sales Rep. II""}]","[{""level"":1,""id"":""120102""},{""level"":2,""id"":""120101""},{""level"":3,""id"":""120261""},{""level"":4,""id"":""120259""}]",23NOV1971,01APR1991,.,"$31,398 "
120179,AU,Matsuoka Wills,M,"[{""level"":1,""id"":""Orion Australia""},{""level"":2,""id"":""Sales""},{""level"":3,""id"":""Sales""},{""level"":4,""id"":""Team Sports""},{""level"":5,""id"":""Sales Rep. III""}]","[{""level"":1,""id"":""120102""},{""level"":2,""id"":""120101""},{""level"":3,""id"":""120261""},{""level"":4,""id"":""120259""}]",15MAR1991,01JAN2021,31AUG2021,"$34,212 "
120180,AU,Vino George,M,"[{""level"":1,""id"":""Orion Australia""},{""level"":2,""id"":""Sales""},{""level"":3,""id"":""Sales""},{""level"":4,""id"":""Team Sports""},{""level"":5,""id"":""Sales Rep. II""}]","[{""level"":1,""id"":""120102""},{""level"":2,""id"":""120101""},{""level"":3,""id"":""120261""},{""level"":4,""id"":""120259""}]",27JUN1971,01DEC1995,.,"$32,364 "
120181,AU,Lorian Cantatore,F,"[{""level"":1,""id"":""Orion Australia""},{""level"":2,""id"":""Sales""},{""level"":3,""id"":""Sales""},{""level"":4,""id"":""Temporary""},{""level"":5,""id"":""Temp. Sales Rep.""}]","[{""level"":1,""id"":""120103""},{""level"":2,""id"":""120101""},{""level"":3,""id"":""120261""},{""level"":4,""id"":""120259""}]",28NOV2005,01DEC2023,31MAR2024,"$32,478 "
120182,AU,Geok-Seng Barreto,M,"[{""level"":1,""id"":""Orion Australia""},{""level"":2,""id"":""Sales""},{""level"":3,""id"":""Sales""},{""level"":4,""id"":""Temporary""},{""level"":5,""id"":""Temp. Sales Rep.""}]","[{""level"":1,""id"":""120103""},{""level"":2,""id"":""120101""},{""level"":3,""id"":""120261""},{""level"":4,""id"":""120259""}]",05OCT2001,01DEC2023,31DEC2023,"$30,024 "
120183,AU,Brig Blanton,M,"[{""level"":1,""id"":""Orion Australia""},{""level"":2,""id"":""Sales""},{""level"":3,""id"":""Sales""},{""level"":4,""id"":""Temporary""},{""level"":5,""id"":""Temp. Sales Rep.""}]","[{""level"":1,""id"":""120103""},{""level"":2,""id"":""120101""},{""level"":3,""id"":""120261""},{""level"":4,""id"":""120259""}]",10SEP1986,01DEC2023,31DEC2023,"$32,292 "
120184,AU,Ari Moore,M,"[{""level"":1,""id"":""Orion Australia""},{""level"":2,""id"":""Sales""},{""level"":3,""id"":""Sales""},{""level"":4,""id"":""Temporary""},{""level"":5,""id"":""Temp. Sales Rep.""}]","[{""level"":1,""id"":""120103""},{""level"":2,""id"":""120101""},{""level"":3,""id"":""120261""},{""level"":4,""id"":""120259""}]",01DEC1966,01DEC2023,30APR2024,"$30,984 "
120185,AU,Sharon Bahlman,F,"[{""level"":1,""id"":""Orion Australia""},{""level"":2,""id"":""Sales""},{""level"":3,""id"":""Sales""},{""level"":4,""id"":""Temporary""},{""level"":5,""id"":""Temp. Sales Rep.""}]","[{""level"":1,""id"":""120103""},{""level"":2,""id"":""120101""},{""level"":3,""id"":""120261""},{""level"":4,""id"":""120259""}]",07APR1991,01DEC2023,31JAN2024,"$30,096 "
120186,AU,Merryn Quinby,F,"[{""level"":1,""id"":""Orion Australia""},{""level"":2,""id"":""Sales""},{""level"":3,""id"":""Sales""},{""level"":4,""id"":""Temporary""},{""level"":5,""id"":""Temp. Sales Rep.""}]","[{""level"":1,""id"":""120103""},{""level"":2,""id"":""120101""},{""level"":3,""id"":""120261""},{""level"":4,""id"":""120259""}]",19APR1996,01DEC2023,30JUN2024,"$32,154 "
120187,AU,Reyne Catenacci,F,"[{""level"":1,""id"":""Orion Australia""},{""level"":2,""id"":""Sales""},{""level"":3,""id"":""Sales""},{""level"":4,""id"":""Temporary""},{""level"":5,""id"":""Temp. Sales Rep.""}]","[{""level"":1,""id"":""120103""},{""level"":2,""id"":""120101""},{""level"":3,""id"":""120261""},{""level"":4,""id"":""120259""}]",10DEC2001,01DEC2023,31MAY2024,"$31,998 "
120188,AU,Shanmuganathan Baran,F,"[{""level"":1,""id"":""Orion Australia""},{""level"":2,""id"":""Sales""},{""level"":3,""id"":""Sales""},{""level"":4,""id"":""Temporary""},{""level"":5,""id"":""Temp. Sales Rep.""}]","[{""level"":1,""id"":""120103""},{""level"":2,""id"":""120101""},{""level"":3,""id"":""120261""},{""level"":4,""id"":""120259""}]",01MAR1971,01DEC2023,31DEC2023,"$32,058 "
120189,AU,Mihailo Lachlan,M,"[{""level"":1,""id"":""Orion Australia""},{""level"":2,""id"":""Sales""},{""level"":3,""id"":""Sales""},{""level"":4,""id"":""Temporary""},{""level"":5,""id"":""Temp. Sales Rep.""}]","[{""level"":1,""id"":""120103""},{""level"":2,""id"":""120101""},{""level"":3,""id"":""120261""},{""level"":4,""id"":""120259""}]",03JUL2001,01DEC2023,31MAR2024,"$30,216 "
120190,AU,Ivor Czernezkyi,M,"[{""level"":1,""id"":""Orion Australia""},{""level"":2,""id"":""Sales""},{""level"":3,""id"":""Sales""},{""level"":4,""id"":""Trainees""},{""level"":5,""id"":""Trainee""}]","[{""level"":1,""id"":""120103""},{""level"":2,""id"":""120101""},{""level"":3,""id"":""120261""},{""level"":4,""id"":""120259""}]",05DEC2001,01NOV2021,30APR2022,"$28,920 "
120191,AU,Jannene Graham-Rowe,F,"[{""level"":1,""id"":""Orion Australia""},{""level"":2,""id"":""Sales""},{""level"":3,""id"":""Sales""},{""level"":4,""id"":""Trainees""},{""level"":5,""id"":""Trainee""}]","[{""level"":1,""id"":""120103""},{""level"":2,""id"":""120101""},{""level"":3,""id"":""120261""},{""level"":4,""id"":""120259""}]",17JAN1976,01JAN2020,30JUN2020,"$28,818 "
120192,AU,Anthony Nichollas,M,"[{""level"":1,""id"":""Orion Australia""},{""level"":2,""id"":""Sales""},{""level"":3,""id"":""Sales""},{""level"":4,""id"":""Trainees""},{""level"":5,""id"":""Trainee""}]","[{""level"":1,""id"":""120103""},{""level"":2,""id"":""120101""},{""level"":3,""id"":""120261""},{""level"":4,""id"":""120259""}]",08MAY2001,01JUN2022,30NOV2022,"$31,422 "
120193,AU,Russell Streit,M,"[{""level"":1,""id"":""Orion Australia""},{""level"":2,""id"":""Sales""},{""level"":3,""id"":""Sales""},{""level"":4,""id"":""Trainees""},{""level"":5,""id"":""Trainee""}]","[{""level"":1,""id"":""120103""},{""level"":2,""id"":""120101""},{""level"":3,""id"":""120261""},{""level"":4,""id"":""120259""}]",06DEC2001,01SEP2022,28FEB2023,"$29,418 "
120194,AU,Reece Harwood,M,"[{""level"":1,""id"":""Orion Australia""},{""level"":2,""id"":""Sales""},{""level"":3,""id"":""Sales""},{""level"":4,""id"":""Trainees""},{""level"":5,""id"":""Trainee""}]","[{""level"":1,""id"":""120103""},{""level"":2,""id"":""120101""},{""level"":3,""id"":""120261""},{""level"":4,""id"":""120259""}]",23SEP2001,01FEB2022,31JUL2022,"$31,182 "
120195,AU,Jina Fiocca,F,"[{""level"":1,""id"":""Orion Australia""},{""level"":2,""id"":""Sales""},{""level"":3,""id"":""Sales""},{""level"":4,""id"":""Trainees""},{""level"":5,""id"":""Trainee""}]","[{""level"":1,""id"":""120103""},{""level"":2,""id"":""120101""},{""level"":3,""id"":""120261""},{""level"":4,""id"":""120259""}]",25DEC2001,01JUL2023,31DEC2023,"$29,988 "
120196,AU,Merle Hieds,F,"[{""level"":1,""id"":""Orion Australia""},{""level"":2,""id"":""Sales""},{""level"":3,""id"":""Sales""},{""level"":4,""id"":""Trainees""},{""level"":5,""id"":""Trainee""}]","[{""level"":1,""id"":""120103""},{""level"":2,""id"":""120101""},{""level"":3,""id"":""120261""},{""level"":4,""id"":""120259""}]",31JAN2001,01JAN2020,30JUN2020,"$28,830 "
120197,AU,Kerrin Dillin,F,"[{""level"":1,""id"":""Orion Australia""},{""level"":2,""id"":""Sales""},{""level"":3,""id"":""Sales""},{""level"":4,""id"":""Trainees""},{""level"":5,""id"":""Trainee""}]","[{""level"":1,""id"":""120103""},{""level"":2,""id"":""120101""},{""level"":3,""id"":""120261""},{""level"":4,""id"":""120259""}]",08AUG1971,01JAN2020,30JUN2020,"$30,696 "
120198,AU,Meera Body,F,"[{""level"":1,""id"":""Orion Australia""},{""level"":2,""id"":""Sales""},{""level"":3,""id"":""Sales""},{""level"":4,""id"":""Winter Sports""},{""level"":5,""id"":""Sales Rep. III""}]","[{""level"":1,""id"":""120103""},{""level"":2,""id"":""120101""},{""level"":3,""id"":""120261""},{""level"":4,""id"":""120259""}]",21JAN2005,01DEC2023,.,"$33,630 "
120259,US,Anthony Miller,M,"[{""level"":1,""id"":""Board of Directors""},{""level"":2,""id"":""Executives""},{""level"":3,""id"":""Executives""},{""level"":4,""id"":""Executives""},{""level"":5,""id"":""Chief Executive Officer""}]",,25JAN1981,01SEP2006,.,"$520,560 "
120260,US,Christine Fletcher,F,"[{""level"":1,""id"":""Board of Directors""},{""level"":2,""id"":""Executives""},{""level"":3,""id"":""Executives""},{""level"":4,""id"":""Executives""},{""level"":5,""id"":""Chief Marketing Officer""}]","[{""level"":1,""id"":""120259""}]",02DEC1981,01NOV2001,.,"$249,462 "
120261,US,Harry Highpoint,M,"[{""level"":1,""id"":""Board of Directors""},{""level"":2,""id"":""Executives""},{""level"":3,""id"":""Executives""},{""level"":4,""id"":""Executives""},{""level"":5,""id"":""Chief Sales Officer""}]","[{""level"":1,""id"":""120259""}]",21FEB1986,01AUG2004,.,"$291,828 "
120262,US,Max Crown,M,"[{""level"":1,""id"":""Board of Directors""},{""level"":2,""id"":""Executives""},{""level"":3,""id"":""Executives""},{""level"":4,""id"":""Executives""},{""level"":5,""id"":""Chief Financial Officer""}]","[{""level"":1,""id"":""120259""}]",21OCT1986,01SEP2005,.,"$322,146 "
120263,US,Bobby Cleverley,M,"[{""level"":1,""id"":""Board of Directors""},{""level"":2,""id"":""Group Financials""},{""level"":3,""id"":""Group Finance""},{""level"":4,""id"":""Group Finance""},{""level"":5,""id"":""Financial Analyst III""}]","[{""level"":1,""id"":""120262""},{""level"":2,""id"":""120259""}]",10FEB1981,01OCT2000,31DEC2020,"$51,126 "
120264,US,Latonya Croome,F,"[{""level"":1,""id"":""Board of Directors""},{""level"":2,""id"":""Group Financials""},{""level"":3,""id"":""Group Finance""},{""level"":4,""id"":""Group Finance""},{""level"":5,""id"":""Financial Analyst II""}]","[{""level"":1,""id"":""120262""},{""level"":2,""id"":""120259""}]",23JAN2001,01DEC2023,.,"$45,012 "
120265,US,Wanda Branly,F,"[{""level"":1,""id"":""Board of Directors""},{""level"":2,""id"":""Group Financials""},{""level"":3,""id"":""Group Finance""},{""level"":4,""id"":""Group Finance""},{""level"":5,""id"":""Auditor III""}]","[{""level"":1,""id"":""120262""},{""level"":2,""id"":""120259""}]",04OCT1961,01JAN1991,31DEC2019,"$62,340 "
120266,US,Bao Krafve,F,"[{""level"":1,""id"":""Board of Directors""},{""level"":2,""id"":""Secretary of the Board""},{""level"":3,""id"":""Secretary of the Board""},{""level"":4,""id"":""Secretary""},{""level"":5,""id"":""Secretary IV""}]","[{""level"":1,""id"":""120259""}]",01JUL1986,01APR2006,.,"$38,100 "
120267,US,Belanda Rink,F,"[{""level"":1,""id"":""Board of Directors""},{""level"":2,""id"":""Secretary of the Board""},{""level"":3,""id"":""Secretary of the Board""},{""level"":4,""id"":""Secretary""},{""level"":5,""id"":""Secretary III""}]","[{""level"":1,""id"":""120259""}]",02JUN2003,01FEB2020,.,"$34,302 "
120268,US,Jacques Villeneuve,M,"[{""level"":1,""id"":""Board of Directors""},{""level"":2,""id"":""Strategy""},{""level"":3,""id"":""Strategy""},{""level"":4,""id"":""Strategy""},{""level"":5,""id"":""Senior Strategist""}]","[{""level"":1,""id"":""120260""},{""level"":2,""id"":""120259""}]",01SEP1991,01MAY2014,.,"$91,326 "
120269,US,Shrimatee Kagolanu,F,"[{""level"":1,""id"":""Board of Directors""},{""level"":2,""id"":""Strategy""},{""level"":3,""id"":""Strategy""},{""level"":4,""id"":""Strategy""},{""level"":5,""id"":""Strategist II""}]","[{""level"":1,""id"":""120260""},{""level"":2,""id"":""120259""}]",27SEP1961,01JAN1991,30APR2021,"$63,048 "
120270,US,Grezegorz Nuss,M,"[{""level"":1,""id"":""Concession""},{""level"":2,""id"":""Concession Management""},{""level"":3,""id"":""Concession Management""},{""level"":4,""id"":""Concession Management""},{""level"":5,""id"":""Concession Director""}]","[{""level"":1,""id"":""120261""},{""level"":2,""id"":""120259""}]",25MAR1971,01JAN1991,.,"$58,122 "
120271,US,Kenisha Winge,F,"[{""level"":1,""id"":""Concession""},{""level"":2,""id"":""Concession Management""},{""level"":3,""id"":""Concession Management""},{""level"":4,""id"":""Concession Management""},{""level"":5,""id"":""Concession Manager""}]","[{""level"":1,""id"":""120270""},{""level"":2,""id"":""120261""},{""level"":3,""id"":""120259""}]",06AUG1981,01SEP2003,.,"$52,362 "
120272,US,Febin Flow,M,"[{""level"":1,""id"":""Concession""},{""level"":2,""id"":""Concession Management""},{""level"":3,""id"":""Concession Management""},{""level"":4,""id"":""Eclipse""},{""level"":5,""id"":""Concession Consultant II""}]","[{""level"":1,""id"":""120271""},{""level"":2,""id"":""120270""},{""level"":3,""id"":""120261""},{""level"":4,""id"":""120259""}]",15MAR1961,01JAN1991,.,"$41,268 "
120273,US,Doris Antonini,F,"[{""level"":1,""id"":""Concession""},{""level"":2,""id"":""Concession Management""},{""level"":3,""id"":""Concession Management""},{""level"":4,""id"":""Eclipse""},{""level"":5,""id"":""Concession Assistant III""}]","[{""level"":1,""id"":""120271""},{""level"":2,""id"":""120270""},{""level"":3,""id"":""120261""},{""level"":4,""id"":""120259""}]",07JUN2003,01MAR2023,.,"$34,146 "
120274,US,Angela Landry,F,"[{""level"":1,""id"":""Concession""},{""level"":2,""id"":""Concession Management""},{""level"":3,""id"":""Concession Management""},{""level"":4,""id"":""Eclipse""},{""level"":5,""id"":""Concession Assistant I""}]","[{""level"":1,""id"":""120271""},{""level"":2,""id"":""120270""},{""level"":3,""id"":""120261""},{""level"":4,""id"":""120259""}]",09JAN1981,01DEC2010,.,"$32,208 "
120275,US,Brandy Lattimer,F,"[{""level"":1,""id"":""Concession""},{""level"":2,""id"":""Concession Management""},{""level"":3,""id"":""Concession Management""},{""level"":4,""id"":""N.D. Gear""},{""level"":5,""id"":""Concession Consultant II""}]","[{""level"":1,""id"":""120271""},{""level"":2,""id"":""120270""},{""level"":3,""id"":""120261""},{""level"":4,""id"":""120259""}]",27DEC1976,01OCT2001,.,"$38,634 "
120276,US,Nicholas Plybon,M,"[{""level"":1,""id"":""Concession""},{""level"":2,""id"":""Concession Management""},{""level"":3,""id"":""Concession Management""},{""level"":4,""id"":""N.D. Gear""},{""level"":5,""id"":""Concession Assistant II""}]","[{""level"":1,""id"":""120271""},{""level"":2,""id"":""120270""},{""level"":3,""id"":""120261""},{""level"":4,""id"":""120259""}]",16DEC1961,01JAN1991,31MAY2020,"$33,708 "
120277,US,Wesley Shirts,F,"[{""level"":1,""id"":""Concession""},{""level"":2,""id"":""Concession Management""},{""level"":3,""id"":""Concession Management""},{""level"":4,""id"":""Tracker""},{""level"":5,""id"":""Concession Consultant I""}]","[{""level"":1,""id"":""120271""},{""level"":2,""id"":""120270""},{""level"":3,""id"":""120261""},{""level"":4,""id"":""120259""}]",16AUG2005,01MAY2021,31MAY2022,"$39,174 "
120278,US,Binit Jongleux,M,"[{""level"":1,""id"":""Concession""},{""level"":2,""id"":""Concession Management""},{""level"":3,""id"":""Concession Management""},{""level"":4,""id"":""Tracker""},{""level"":5,""id"":""Concession Assistant III""}]","[{""level"":1,""id"":""120271""},{""level"":2,""id"":""120270""},{""level"":3,""id"":""120261""},{""level"":4,""id"":""120259""}]",17DEC2003,01AUG2023,.,"$33,222 "
120279,US,Kareema Dunlap,F,"[{""level"":1,""id"":""Concession""},{""level"":2,""id"":""Concession Management""},{""level"":3,""id"":""International Concession""},{""level"":4,""id"":""International Concession""},{""level"":5,""id"":""Concession Consultant I","[{""level"":1,""id"":""120271""},{""level"":2,""id"":""120270""},{""level"":3,""id"":""120261""},{""level"":4,""id"":""120259""}]",20OCT1986,01MAY2013,.,"$39,510 "
120280,US,Jaime Laurer,F,"[{""level"":1,""id"":""Concession""},{""level"":2,""id"":""Concession Management""},{""level"":3,""id"":""International Concession""},{""level"":4,""id"":""International Concession""},{""level"":5,""id"":""Concession Consultant I","[{""level"":1,""id"":""120271""},{""level"":2,""id"":""120270""},{""level"":3,""id"":""120261""},{""level"":4,""id"":""120259""}]",11NOV1981,01MAY2005,30JUN2019,"$44,316 "
120656,US,Salley Amos,F,"[{""level"":1,""id"":""Logistics""},{""level"":2,""id"":""Logistics Management""},{""level"":3,""id"":""Logistics""},{""level"":4,""id"":""External""},{""level"":5,""id"":""Logistics Coordinator II""}]","[{""level"":1,""id"":""120660""},{""level"":2,""id"":""120659""},{""level"":3,""id"":""120259""}]",28JAN1991,01MAR2016,.,"$51,084 "
120657,US,Theresa Weisbarth,F,"[{""level"":1,""id"":""Logistics""},{""level"":2,""id"":""Logistics Management""},{""level"":3,""id"":""Logistics""},{""level"":4,""id"":""External""},{""level"":5,""id"":""Logistics Coordinator I""}]","[{""level"":1,""id"":""120660""},{""level"":2,""id"":""120659""},{""level"":3,""id"":""120259""}]",07JAN1981,01NOV2007,.,"$43,332 "
120658,US,Kenneth Kennedy,M,"[{""level"":1,""id"":""Logistics""},{""level"":2,""id"":""Logistics Management""},{""level"":3,""id"":""Logistics""},{""level"":4,""id"":""External""},{""level"":5,""id"":""Logistics Coordinator II""}]","[{""level"":1,""id"":""120660""},{""level"":2,""id"":""120659""},{""level"":3,""id"":""120259""}]",20DEC1971,01FEB1998,.,"$50,982 "
120659,US,Jay Havasy,M,"[{""level"":1,""id"":""Logistics""},{""level"":2,""id"":""Logistics Management""},{""level"":3,""id"":""Logistics""},{""level"":4,""id"":""Logistics""},{""level"":5,""id"":""Director""}]","[{""level"":1,""id"":""120259""}]",16JUL1966,01JAN1991,.,"$193,548 "
120660,US,Robert Smith,M,"[{""level"":1,""id"":""Logistics""},{""level"":2,""id"":""Logistics Management""},{""level"":3,""id"":""Logistics""},{""level"":4,""id"":""Logistics""},{""level"":5,""id"":""Logistics Manager""}]","[{""level"":1,""id"":""120659""},{""level"":2,""id"":""120259""}]",06JUN1995,01MAR2022,.,"$73,350 "
120661,US,Cynthia Racine,F,"[{""level"":1,""id"":""Logistics""},{""level"":2,""id"":""Logistics Management""},{""level"":3,""id"":""Logistics""},{""level"":4,""id"":""Logistics""},{""level"":5,""id"":""Senior Logistics Manager""}]","[{""level"":1,""id"":""120659""},{""level"":2,""id"":""120259""}]",27NOV1971,01JAN2001,30JUN2020,"$102,594 "
120662,US,Lemonica Burroughs,M,"[{""level"":1,""id"":""Logistics""},{""level"":2,""id"":""Logistics Management""},{""level"":3,""id"":""Logistics""},{""level"":4,""id"":""Logistics""},{""level"":5,""id"":""Secretary II""}]","[{""level"":1,""id"":""120659""},{""level"":2,""id"":""120259""}]",25JUN2005,01NOV2023,.,"$32,454 "
120663,US,Anglar Kornblith,F,"[{""level"":1,""id"":""Logistics""},{""level"":2,""id"":""Logistics Management""},{""level"":3,""id"":""Logistics""},{""level"":4,""id"":""Pricing""},{""level"":5,""id"":""Pricing Manager""}]","[{""level"":1,""id"":""120659""},{""level"":2,""id"":""120259""}]",26MAR1986,01MAR2014,.,"$67,662 "
120664,US,Brock Senchak,M,"[{""level"":1,""id"":""Logistics""},{""level"":2,""id"":""Logistics Management""},{""level"":3,""id"":""Logistics""},{""level"":4,""id"":""Pricing""},{""level"":5,""id"":""Pricing Specialist""}]","[{""level"":1,""id"":""120663""},{""level"":2,""id"":""120659""},{""level"":3,""id"":""120259""}]",18FEB1971,01MAY1992,.,"$57,126 "
120665,US,Jill Leacock,F,"[{""level"":1,""id"":""Logistics""},{""level"":2,""id"":""Logistics Management""},{""level"":3,""id"":""Secretariat""},{""level"":4,""id"":""Import/Export""},{""level"":5,""id"":""Senior Logistics Manager""}]","[{""level"":1,""id"":""120659""},{""level"":2,""id"":""120259""}]",24OCT1991,01MAR2019,.,"$96,084 "
120666,US,John Onuscheck,M,"[{""level"":1,""id"":""Logistics""},{""level"":2,""id"":""Logistics Management""},{""level"":3,""id"":""Secretariat""},{""level"":4,""id"":""Import/Export""},{""level"":5,""id"":""Logistics Manager""}]","[{""level"":1,""id"":""120659""},{""level"":2,""id"":""120259""}]",22JUN1986,01DEC2008,30APR2021,"$77,466 "
120667,US,Edwin Droste,M,"[{""level"":1,""id"":""Logistics""},{""level"":2,""id"":""Logistics Management""},{""level"":3,""id"":""Secretariat""},{""level"":4,""id"":""Import/Export""},{""level"":5,""id"":""Office Assistant III""}]","[{""level"":1,""id"":""120666""},{""level"":2,""id"":""120659""},{""level"":3,""id"":""120259""}]",21JUN1996,01FEB2023,.,"$35,976 "
120668,US,Thyland Dolan,M,"[{""level"":1,""id"":""Logistics""},{""level"":2,""id"":""Logistics Management""},{""level"":3,""id"":""Secretariat""},{""level"":4,""id"":""Office Services""},{""level"":5,""id"":""Services Manager""}]","[{""level"":1,""id"":""120659""},{""level"":2,""id"":""120259""}]",23OCT1966,01DEC1995,.,"$57,342 "
120669,US,Ronald Hill,M,"[{""level"":1,""id"":""Logistics""},{""level"":2,""id"":""Logistics Management""},{""level"":3,""id"":""Secretariat""},{""level"":4,""id"":""Office Services""},{""level"":5,""id"":""Services Assistant IV""}]","[{""level"":1,""id"":""120668""},{""level"":2,""id"":""120659""},{""level"":3,""id"":""120259""}]",23JUL1961,01JAN1991,.,"$43,644 "
120670,US,Odudu Zisek,M,"[{""level"":1,""id"":""Logistics""},{""level"":2,""id"":""Stock & Shipping""},{""level"":3,""id"":""Stock & Shipping""},{""level"":4,""id"":""Stock & Shipping Americas""},{""level"":5,""id"":""Shipping Manager""}]","[{""level"":1,""id"":""120659""},{""level"":2,""id"":""120259""}]",26MAR1961,01JAN1991,31DEC2019,"$78,504 "
120671,US,William Latty,M,"[{""level"":1,""id"":""Logistics""},{""level"":2,""id"":""Stock & Shipping""},{""level"":3,""id"":""Stock & Shipping""},{""level"":4,""id"":""Stock & Shipping Americas""},{""level"":5,""id"":""Shipping Agent III""}]","[{""level"":1,""id"":""120670""},{""level"":2,""id"":""120659""},{""level"":3,""id"":""120259""}]",27MAY1971,01FEB2000,.,"$48,096 "
120672,AU,Verne Guscott,M,"[{""level"":1,""id"":""Logistics""},{""level"":2,""id"":""Stock & Shipping""},{""level"":3,""id"":""Stock & Shipping""},{""level"":4,""id"":""Stock & Shipping Asia/Pacific""},{""level"":5,""id"":""Shipping Manager""}]","[{""level"":1,""id"":""120659""},{""level"":2,""id"":""120259""}]",25AUG1981,01MAR2009,.,"$73,176 "
120673,AU,Pearl Santomaggio,F,"[{""level"":1,""id"":""Logistics""},{""level"":2,""id"":""Stock & Shipping""},{""level"":3,""id"":""Stock & Shipping""},{""level"":4,""id"":""Stock & Shipping Asia/Pacific""},{""level"":5,""id"":""Shipping Agent II""}]","[{""level"":1,""id"":""120672""},{""level"":2,""id"":""120659""},{""level"":3,""id"":""120259""}]",27JUN1961,01JAN1991,.,"$43,122 "
120677,US,Suad Sochacki,F,"[{""level"":1,""id"":""Logistics""},{""level"":2,""id"":""Stock & Shipping""},{""level"":3,""id"":""Stock & Shipping""},{""level"":4,""id"":""Export Stock""},{""level"":5,""id"":""Shipping Manager""}]","[{""level"":1,""id"":""120659""},{""level"":2,""id"":""120259""}]",02SEP1986,01FEB2010,.,"$78,666 "
120678,US,Lucretta Octetree,F,"[{""level"":1,""id"":""Logistics""},{""level"":2,""id"":""Stock & Shipping""},{""level"":3,""id"":""Stock & Shipping""},{""level"":4,""id"":""Export Stock""},{""level"":5,""id"":""Shipping Agent III""}]","[{""level"":1,""id"":""120677""},{""level"":2,""id"":""120659""},{""level"":3,""id"":""120259""}]",12JAN1966,01MAY1995,31AUG2020,"$48,042 "
120679,US,Chrisy Cutucache,F,"[{""level"":1,""id"":""Logistics""},{""level"":2,""id"":""Stock & Shipping""},{""level"":3,""id"":""Stock & Shipping""},{""level"":4,""id"":""Stock & Shipping Americas""},{""level"":5,""id"":""Shipping Manager""}]","[{""level"":1,""id"":""120659""},{""level"":2,""id"":""120259""}]",07NOV1993,01JUL2019,.,"$55,428 "
120680,US,Raymondria Desaulniers,F,"[{""level"":1,""id"":""Logistics""},{""level"":2,""id"":""Stock & Shipping""},{""level"":3,""id"":""Stock & Shipping""},{""level"":4,""id"":""Stock & Shipping Americas""},{""level"":5,""id"":""Shipping Agent I""}]","[{""level"":1,""id"":""120679""},{""level"":2,""id"":""120659""},{""level"":3,""id"":""120259""}]",25AUG1986,01MAY2008,.,"$32,754 "
120681,US,Elery Tolbet,M,"[{""level"":1,""id"":""Logistics""},{""level"":2,""id"":""Stock & Shipping""},{""level"":3,""id"":""Stock & Shipping""},{""level"":4,""id"":""Stock & Shipping Americas""},{""level"":5,""id"":""Shipping Agent II""}]","[{""level"":1,""id"":""120679""},{""level"":2,""id"":""120659""},{""level"":3,""id"":""120259""}]",12AUG1996,01APR2021,.,"$37,140 "
120682,US,Barbara Kennedy,F,"[{""level"":1,""id"":""Logistics""},{""level"":2,""id"":""Stock & Shipping""},{""level"":3,""id"":""Stock & Shipping""},{""level"":4,""id"":""Stock & Shipping Americas""},{""level"":5,""id"":""Shipping Agent I""}]","[{""level"":1,""id"":""120679""},{""level"":2,""id"":""120659""},{""level"":3,""id"":""120259""}]",20DEC1986,01APR2013,.,"$32,112 "
120683,US,Deven Kochneff,F,"[{""level"":1,""id"":""Logistics""},{""level"":2,""id"":""Stock & Shipping""},{""level"":3,""id"":""Stock & Shipping""},{""level"":4,""id"":""Stock & Shipping Americas""},{""level"":5,""id"":""Shipping Agent III""}]","[{""level"":1,""id"":""120679""},{""level"":2,""id"":""120659""},{""level"":3,""id"":""120259""}]",12NOV1971,01JAN1991,28FEB2020,"$43,578 "
120684,US,Suzon Woyach,F,"[{""level"":1,""id"":""Logistics""},{""level"":2,""id"":""Stock & Shipping""},{""level"":3,""id"":""Stock & Shipping""},{""level"":4,""id"":""Stock & Shipping Americas""},{""level"":5,""id"":""Warehouse Assistant I""}]","[{""level"":1,""id"":""120679""},{""level"":2,""id"":""120659""},{""level"":3,""id"":""120259""}]",26NOV2003,01NOV2023,.,"$32,352 "
120685,US,Anita Howard,F,"[{""level"":1,""id"":""Logistics""},{""level"":2,""id"":""Stock & Shipping""},{""level"":3,""id"":""Stock & Shipping""},{""level"":4,""id"":""Stock & Shipping Americas""},{""level"":5,""id"":""Warehouse Assistant I""}]","[{""level"":1,""id"":""120679""},{""level"":2,""id"":""120659""},{""level"":3,""id"":""120259""}]",01MAR2001,01NOV2023,.,"$30,156 "
120686,US,Berether Tucker,F,"[{""level"":1,""id"":""Logistics""},{""level"":2,""id"":""Stock & Shipping""},{""level"":3,""id"":""Stock & Shipping""},{""level"":4,""id"":""Stock & Shipping Americas""},{""level"":5,""id"":""Warehouse Assistant II""}]","[{""level"":1,""id"":""120679""},{""level"":2,""id"":""120659""},{""level"":3,""id"":""120259""}]",07MAY1961,01JAN1991,.,"$32,028 "
120687,US,Freda Dannin,F,"[{""level"":1,""id"":""Logistics""},{""level"":2,""id"":""Stock & Shipping""},{""level"":3,""id"":""Stock & Shipping""},{""level"":4,""id"":""Stock & Shipping Americas""},{""level"":5,""id"":""Warehouse Assistant I""}]","[{""level"":1,""id"":""120679""},{""level"":2,""id"":""120659""},{""level"":3,""id"":""120259""}]",25MAY1996,01AUG2021,31JAN2022,"$32,160 "
120688,US,Lisa Carcaterra,F,"[{""level"":1,""id"":""Logistics""},{""level"":2,""id"":""Stock & Shipping""},{""level"":3,""id"":""Stock & Shipping""},{""level"":4,""id"":""Stock & Shipping Americas""},{""level"":5,""id"":""Warehouse Assistant I""}]","[{""level"":1,""id"":""120679""},{""level"":2,""id"":""120659""},{""level"":3,""id"":""120259""}]",25DEC1966,01JAN1991,31AUG2019,"$31,086 "
120689,US,Katherine Pongor,F,"[{""level"":1,""id"":""Logistics""},{""level"":2,""id"":""Stock & Shipping""},{""level"":3,""id"":""Stock & Shipping""},{""level"":4,""id"":""Stock & Shipping Americas""},{""level"":5,""id"":""Warehouse Assistant III""}]","[{""level"":1,""id"":""120679""},{""level"":2,""id"":""120659""},{""level"":3,""id"":""120259""}]",20JUL1996,01JUL2023,.,"$33,336 "
120690,US,Taronda Langston,F,"[{""level"":1,""id"":""Logistics""},{""level"":2,""id"":""Stock & Shipping""},{""level"":3,""id"":""Stock & Shipping""},{""level"":4,""id"":""Stock & Shipping Americas""},{""level"":5,""id"":""Warehouse Assistant I""}]","[{""level"":1,""id"":""120679""},{""level"":2,""id"":""120659""},{""level"":3,""id"":""120259""}]",17JAN2001,01DEC2021,.,"$30,222 "
120691,AU,S\u00e8k Habres,M,"[{""level"":1,""id"":""Logistics""},{""level"":2,""id"":""Stock & Shipping""},{""level"":3,""id"":""Stock & Shipping""},{""level"":4,""id"":""Stock & Shipping Asia/Pacific""},{""level"":5,""id"":""Shipping Manager""}]","[{""level"":1,""id"":""120659""},{""level"":2,""id"":""120259""}]",15SEP1961,01JAN1991,.,"$59,088 "
120692,AU,Rit Tregonning,M,"[{""level"":1,""id"":""Logistics""},{""level"":2,""id"":""Stock & Shipping""},{""level"":3,""id"":""Stock & Shipping""},{""level"":4,""id"":""Stock & Shipping Asia/Pacific""},{""level"":5,""id"":""Shipping Agent II""}]","[{""level"":1,""id"":""120691""},{""level"":2,""id"":""120659""},{""level"":3,""id"":""120259""}]",22NOV1971,01APR1999,.,"$38,982 "
120693,AU,Diaz Tellam,M,"[{""level"":1,""id"":""Logistics""},{""level"":2,""id"":""Stock & Shipping""},{""level"":3,""id"":""Stock & Shipping""},{""level"":4,""id"":""Stock & Shipping Asia/Pacific""},{""level"":5,""id"":""Shipping Agent I""}]","[{""level"":1,""id"":""120691""},{""level"":2,""id"":""120659""},{""level"":3,""id"":""120259""}]",02MAY1976,01JUN1996,.,"$31,950 "
120694,AU,Sharon Leazer,F,"[{""level"":1,""id"":""Logistics""},{""level"":2,""id"":""Stock & Shipping""},{""level"":3,""id"":""Stock & Shipping""},{""level"":4,""id"":""Stock & Shipping Asia/Pacific""},{""level"":5,""id"":""Warehouse Assistant I""}]","[{""level"":1,""id"":""120691""},{""level"":2,""id"":""120659""},{""level"":3,""id"":""120259""}]",16AUG2005,01APR2023,.,"$32,838 "
120695,AU,Trent Moffat,M,"[{""level"":1,""id"":""Logistics""},{""level"":2,""id"":""Stock & Shipping""},{""level"":3,""id"":""Stock & Shipping""},{""level"":4,""id"":""Stock & Shipping Asia/Pacific""},{""level"":5,""id"":""Warehouse Assistant II""}]","[{""level"":1,""id"":""120691""},{""level"":2,""id"":""120659""},{""level"":3,""id"":""120259""}]",13JUL1981,01JUL2006,31JUL2023,"$33,816 "
120696,AU,Peter Pettolino,M,"[{""level"":1,""id"":""Logistics""},{""level"":2,""id"":""Stock & Shipping""},{""level"":3,""id"":""Stock & Shipping""},{""level"":4,""id"":""Stock & Shipping Asia/Pacific""},{""level"":5,""id"":""Warehouse Assistant I""}]","[{""level"":1,""id"":""120691""},{""level"":2,""id"":""120659""},{""level"":3,""id"":""120259""}]",14AUG1971,01MAR1991,31MAR2023,"$31,938 "
120697,AU,Madelaine Fouche,F,"[{""level"":1,""id"":""Logistics""},{""level"":2,""id"":""Stock & Shipping""},{""level"":3,""id"":""Stock & Shipping""},{""level"":4,""id"":""Stock & Shipping Asia/Pacific""},{""level"":5,""id"":""Warehouse Assistant IV""}]","[{""level"":1,""id"":""120691""},{""level"":2,""id"":""120659""},{""level"":3,""id"":""120259""}]",27JUN2005,01JUN2023,.,"$35,550 "
120698,AU,Geoff Kistanna,M,"[{""level"":1,""id"":""Logistics""},{""level"":2,""id"":""Stock & Shipping""},{""level"":3,""id"":""Stock & Shipping""},{""level"":4,""id"":""Stock & Shipping Asia/Pacific""},{""level"":5,""id"":""Warehouse Assistant I""}]","[{""level"":1,""id"":""120691""},{""level"":2,""id"":""120659""},{""level"":3,""id"":""120259""}]",17MAY1971,01AUG1993,28FEB2022,"$31,392 "
120710,US,Timothy Baltzell,M,"[{""level"":1,""id"":""Marketing""},{""level"":2,""id"":""Marketing""},{""level"":3,""id"":""CRM""},{""level"":4,""id"":""CRM""},{""level"":5,""id"":""Business Analyst II""}]","[{""level"":1,""id"":""120719""},{""level"":2,""id"":""120260""},{""level"":3,""id"":""120259""}]",24NOV1991,01JAN2015,.,"$65,808 "
120711,US,Gloria Drew,F,"[{""level"":1,""id"":""Marketing""},{""level"":2,""id"":""Marketing""},{""level"":3,""id"":""CRM""},{""level"":4,""id"":""CRM""},{""level"":5,""id"":""Business Analyst III""}]","[{""level"":1,""id"":""120719""},{""level"":2,""id"":""120260""},{""level"":3,""id"":""120259""}]",28MAY1986,01MAR2011,.,"$70,956 "
120712,US,Elisabeth Motashaw,F,"[{""level"":1,""id"":""Marketing""},{""level"":2,""id"":""Marketing""},{""level"":3,""id"":""DotCom & Catalog""},{""level"":4,""id"":""Catalog""},{""level"":5,""id"":""Marketing Manager""}]","[{""level"":1,""id"":""120719""},{""level"":2,""id"":""120260""},{""level"":3,""id"":""120259""}]",12JUN1966,01JAN1991,.,"$76,368 "
120713,US,Carston Campbell,M,"[{""level"":1,""id"":""Marketing""},{""level"":2,""id"":""Marketing""},{""level"":3,""id"":""DotCom & Catalog""},{""level"":4,""id"":""Catalog""},{""level"":5,""id"":""Marketing Assistant III""}]","[{""level"":1,""id"":""120712""},{""level"":2,""id"":""120719""},{""level"":3,""id"":""120260""},{""level"":4,""id"":""120259""}]",23FEB1961,01JAN1991,.,"$37,956 "
120714,US,Robert Dinley,M,"[{""level"":1,""id"":""Marketing""},{""level"":2,""id"":""Marketing""},{""level"":3,""id"":""DotCom & Catalog""},{""level"":4,""id"":""DotCom""},{""level"":5,""id"":""Marketing Manager""}]","[{""level"":1,""id"":""120719""},{""level"":2,""id"":""120260""},{""level"":3,""id"":""120259""}]",04APR1993,01SEP2015,.,"$75,150 "
120715,US,Angelia Neal,F,"[{""level"":1,""id"":""Marketing""},{""level"":2,""id"":""Marketing""},{""level"":3,""id"":""DotCom & Catalog""},{""level"":4,""id"":""DotCom""},{""level"":5,""id"":""Marketing Assistant II""}]","[{""level"":1,""id"":""120714""},{""level"":2,""id"":""120719""},{""level"":3,""id"":""120260""},{""level"":4,""id"":""120259""}]",12JUN1996,01FEB2022,.,"$34,242 "
120716,US,Kenneth Juif,M,"[{""level"":1,""id"":""Marketing""},{""level"":2,""id"":""Marketing""},{""level"":3,""id"":""Events & PR""},{""level"":4,""id"":""Events & PR""},{""level"":5,""id"":""Events Manager""}]","[{""level"":1,""id"":""120719""},{""level"":2,""id"":""120260""},{""level"":3,""id"":""120259""}]",24JUL1991,01AUG2010,.,"$63,618 "
120717,US,Jon Sleva,M,"[{""level"":1,""id"":""Marketing""},{""level"":2,""id"":""Marketing""},{""level"":3,""id"":""Events & PR""},{""level"":4,""id"":""Events & PR""},{""level"":5,""id"":""Marketing Assistant II""}]","[{""level"":1,""id"":""120716""},{""level"":2,""id"":""120719""},{""level"":3,""id"":""120260""},{""level"":4,""id"":""120259""}]",09JAN1971,01AUG1998,.,"$36,186 "
120718,US,Charles Hennington,M,"[{""level"":1,""id"":""Marketing""},{""level"":2,""id"":""Marketing""},{""level"":3,""id"":""Events & PR""},{""level"":4,""id"":""Events & PR""},{""level"":5,""id"":""Marketing Assistant II""}]","[{""level"":1,""id"":""120716""},{""level"":2,""id"":""120719""},{""level"":3,""id"":""120260""},{""level"":4,""id"":""120259""}]",08JUL1981,01MAY2007,.,"$35,028 "
120719,US,Roya Ridley,F,"[{""level"":1,""id"":""Marketing""},{""level"":2,""id"":""Marketing""},{""level"":3,""id"":""Marketing""},{""level"":4,""id"":""Marketing""},{""level"":5,""id"":""Senior Marketing Manager""}]","[{""level"":1,""id"":""120260""},{""level"":2,""id"":""120259""}]",22JAN1986,01FEB2013,.,"$104,904 "
120720,US,John Spingola,M,"[{""level"":1,""id"":""Marketing""},{""level"":2,""id"":""Marketing""},{""level"":3,""id"":""Marketing""},{""level"":4,""id"":""Marketing""},{""level"":5,""id"":""Corp. Comm. Manager""}]","[{""level"":1,""id"":""120719""},{""level"":2,""id"":""120260""},{""level"":3,""id"":""120259""}]",07MAY1981,01APR2009,.,"$55,896 "
120721,US,Dlutomi Knust,F,"[{""level"":1,""id"":""Marketing""},{""level"":2,""id"":""Marketing""},{""level"":3,""id"":""Marketing""},{""level"":4,""id"":""Marketing""},{""level"":5,""id"":""Marketing Assistant II""}]","[{""level"":1,""id"":""120720""},{""level"":2,""id"":""120719""},{""level"":3,""id"":""120260""},{""level"":4,""id"":""120259""}]",21OCT1961,01JAN1991,.,"$35,844 "
120722,US,Ishmar Sheffield,M,"[{""level"":1,""id"":""Marketing""},{""level"":2,""id"":""Marketing""},{""level"":3,""id"":""Marketing""},{""level"":4,""id"":""Marketing""},{""level"":5,""id"":""Corp. Comm. Specialist I""}]","[{""level"":1,""id"":""120720""},{""level"":2,""id"":""120719""},{""level"":3,""id"":""120260""},{""level"":4,""id"":""120259""}]",22SEP1976,01OCT2002,.,"$38,952 "
120723,US,Deanna Olsen,F,"[{""level"":1,""id"":""Marketing""},{""level"":2,""id"":""Marketing""},{""level"":3,""id"":""Marketing""},{""level"":4,""id"":""Marketing""},{""level"":5,""id"":""Corp. Comm. Specialist II""}]","[{""level"":1,""id"":""120720""},{""level"":2,""id"":""120719""},{""level"":3,""id"":""120260""},{""level"":4,""id"":""120259""}]",10AUG1966,01JAN1991,.,"$40,740 "
120724,US,Hampie Brown,M,"[{""level"":1,""id"":""Marketing""},{""level"":2,""id"":""Marketing""},{""level"":3,""id"":""Organization""},{""level"":4,""id"":""Organization""},{""level"":5,""id"":""Marketing Manager""}]","[{""level"":1,""id"":""120719""},{""level"":2,""id"":""120260""},{""level"":3,""id"":""120259""}]",27JAN1981,01APR2009,.,"$76,446 "
120725,US,Robert Whitlock,M,"[{""level"":1,""id"":""Marketing""},{""level"":2,""id"":""Marketing""},{""level"":3,""id"":""Organization""},{""level"":4,""id"":""Organization""},{""level"":5,""id"":""Marketing Assistant II""}]","[{""level"":1,""id"":""120724""},{""level"":2,""id"":""120719""},{""level"":3,""id"":""120260""},{""level"":4,""id"":""120259""}]",24OCT1996,01JUN2021,31DEC2021,"$35,964 "
120726,US,Lutezenia Obermeyer,F,"[{""level"":1,""id"":""Marketing""},{""level"":2,""id"":""Marketing""},{""level"":3,""id"":""Orion Club Member Service""},{""level"":4,""id"":""Orion Club Member Service""},{""level"":5,""id"":""Marketing Assistant I""}]","[{""level"":1,""id"":""120724""},{""level"":2,""id"":""120719""},{""level"":3,""id"":""120260""},{""level"":4,""id"":""120259""}]",01JUL2005,01SEP2023,.,"$32,856 "
120727,US,Donald Marples,M,"[{""level"":1,""id"":""Marketing""},{""level"":2,""id"":""Marketing""},{""level"":3,""id"":""Orion Club Member Service""},{""level"":4,""id"":""Orion Club Member Service""},{""level"":5,""id"":""Marketing Assistant IV""}]","[{""level"":1,""id"":""120724""},{""level"":2,""id"":""120719""},{""level"":3,""id"":""120260""},{""level"":4,""id"":""120259""}]",25JUN1981,01JUN2003,.,"$41,910 "
120728,US,Kathryn Borge,F,"[{""level"":1,""id"":""Purchasing""},{""level"":2,""id"":""Purchasing""},{""level"":3,""id"":""Children's Sports""},{""level"":4,""id"":""Children's Sports""},{""level"":5,""id"":""Purchasing Agent II""}]","[{""level"":1,""id"":""120735""},{""level"":2,""id"":""120261""},{""level"":3,""id"":""120259""}]",04DEC1971,01JAN1999,.,"$42,084 "
120729,US,Kimberly Howell,F,"[{""level"":1,""id"":""Purchasing""},{""level"":2,""id"":""Purchasing""},{""level"":3,""id"":""Children's Sports""},{""level"":4,""id"":""Children's Sports""},{""level"":5,""id"":""Purchasing Agent I""}]","[{""level"":1,""id"":""120735""},{""level"":2,""id"":""120261""},{""level"":3,""id"":""120259""}]",03APR2005,25APR2020,23SEP2022,"$37,794 "
120730,US,Woodson Burt,M,"[{""level"":1,""id"":""Purchasing""},{""level"":2,""id"":""Purchasing""},{""level"":3,""id"":""Children's Sports""},{""level"":4,""id"":""Children's Sports""},{""level"":5,""id"":""Purchasing Agent I""}]","[{""level"":1,""id"":""120735""},{""level"":2,""id"":""120261""},{""level"":3,""id"":""120259""}]",16DEC1981,01OCT2005,.,"$36,234 "
120731,US,Robert Lerew,M,"[{""level"":1,""id"":""Purchasing""},{""level"":2,""id"":""Purchasing""},{""level"":3,""id"":""Children's Sports""},{""level"":4,""id"":""Children's Sports""},{""level"":5,""id"":""Purchasing Agent II""}]","[{""level"":1,""id"":""120735""},{""level"":2,""id"":""120261""},{""level"":3,""id"":""120259""}]",15MAR1976,01SEP2000,.,"$40,980 "
120732,US,Kent Uenking,M,"[{""level"":1,""id"":""Purchasing""},{""level"":2,""id"":""Purchasing""},{""level"":3,""id"":""Outdoors""},{""level"":4,""id"":""Outdoors""},{""level"":5,""id"":""Purchasing Agent III""}]","[{""level"":1,""id"":""120736""},{""level"":2,""id"":""120261""},{""level"":3,""id"":""120259""}]",14AUG1966,01JAN1991,.,"$43,044 "
120733,US,Michael Bezinque,M,"[{""level"":1,""id"":""Purchasing""},{""level"":2,""id"":""Purchasing""},{""level"":3,""id"":""Outdoors""},{""level"":4,""id"":""Outdoors""},{""level"":5,""id"":""Purchasing Agent I""}]","[{""level"":1,""id"":""120736""},{""level"":2,""id"":""120261""},{""level"":3,""id"":""120259""}]",03APR1981,01NOV2007,.,"$38,112 "
120734,US,Svein Saylor,M,"[{""level"":1,""id"":""Purchasing""},{""level"":2,""id"":""Purchasing""},{""level"":3,""id"":""Outdoors""},{""level"":4,""id"":""Outdoors""},{""level"":5,""id"":""Purchasing Agent III""}]","[{""level"":1,""id"":""120736""},{""level"":2,""id"":""120261""},{""level"":3,""id"":""120259""}]",26APR1996,01MAR2023,.,"$41,124 "
120735,US,Brenda Bilobran,F,"[{""level"":1,""id"":""Purchasing""},{""level"":2,""id"":""Purchasing""},{""level"":3,""id"":""Purchasing Management""},{""level"":4,""id"":""Team Administration""},{""level"":5,""id"":""Purchasing Manager""}]","[{""level"":1,""id"":""120261""},{""level"":2,""id"":""120259""}]",13JUN1971,01MAY1995,.,"$74,382 "
120736,US,Parie Kiemle,F,"[{""level"":1,""id"":""Purchasing""},{""level"":2,""id"":""Purchasing""},{""level"":3,""id"":""Purchasing Management""},{""level"":4,""id"":""Team Administration""},{""level"":5,""id"":""Purchasing Manager""}]","[{""level"":1,""id"":""120261""},{""level"":2,""id"":""120259""}]",27NOV1981,01OCT2008,.,"$76,782 "
120737,US,Brenner Toner,F,"[{""level"":1,""id"":""Purchasing""},{""level"":2,""id"":""Purchasing""},{""level"":3,""id"":""Purchasing Management""},{""level"":4,""id"":""Team Administration""},{""level"":5,""id"":""Purchasing Manager""}]","[{""level"":1,""id"":""120261""},{""level"":2,""id"":""120259""}]",28MAR1976,01NOV2005,.,"$76,326 "
120738,US,Huilun Swaiti,F,"[{""level"":1,""id"":""Purchasing""},{""level"":2,""id"":""Purchasing""},{""level"":3,""id"":""Sports""},{""level"":4,""id"":""Sports""},{""level"":5,""id"":""Purchasing Agent I""}]","[{""level"":1,""id"":""120737""},{""level"":2,""id"":""120261""},{""level"":3,""id"":""120259""}]",06JUL1966,01JAN1991,.,"$36,030 "
120739,US,Bryon Cooper,M,"[{""level"":1,""id"":""Purchasing""},{""level"":2,""id"":""Purchasing""},{""level"":3,""id"":""Sports""},{""level"":4,""id"":""Sports""},{""level"":5,""id"":""Purchasing Agent III""}]","[{""level"":1,""id"":""120737""},{""level"":2,""id"":""120261""},{""level"":3,""id"":""120259""}]",07AUG2003,01MAY2023,.,"$44,364 "
120740,US,Lisa Koonce,F,"[{""level"":1,""id"":""Purchasing""},{""level"":2,""id"":""Purchasing""},{""level"":3,""id"":""Sports""},{""level"":4,""id"":""Sports""},{""level"":5,""id"":""Purchasing Agent II""}]","[{""level"":1,""id"":""120737""},{""level"":2,""id"":""120261""},{""level"":3,""id"":""120259""}]",19OCT1966,01JAN1991,31AUG2020,"$42,132 "
120741,US,Keisha Court,F,"[{""level"":1,""id"":""Purchasing""},{""level"":2,""id"":""Purchasing""},{""level"":3,""id"":""Sports""},{""level"":4,""id"":""Sports""},{""level"":5,""id"":""Purchasing Agent III""}]","[{""level"":1,""id"":""120737""},{""level"":2,""id"":""120261""},{""level"":3,""id"":""120259""}]",28NOV1961,01JAN1991,.,"$43,638 "
120742,US,Ronald Shewitz,M,"[{""level"":1,""id"":""Purchasing""},{""level"":2,""id"":""Purchasing""},{""level"":3,""id"":""Sports""},{""level"":4,""id"":""Sports""},{""level"":5,""id"":""Purchasing Agent I""}]","[{""level"":1,""id"":""120737""},{""level"":2,""id"":""120261""},{""level"":3,""id"":""120259""}]",04FEB1961,01JAN1991,.,"$37,224 "
120743,US,Chimena Harrison,F,"[{""level"":1,""id"":""Purchasing""},{""level"":2,""id"":""Purchasing""},{""level"":3,""id"":""Sports""},{""level"":4,""id"":""Sports""},{""level"":5,""id"":""Purchasing Agent II""}]","[{""level"":1,""id"":""120737""},{""level"":2,""id"":""120261""},{""level"":3,""id"":""120259""}]",01FEB1986,01JUN2014,.,"$41,544 "
120744,US,Alden Feigenbaum,F,"[{""level"":1,""id"":""Purchasing""},{""level"":2,""id"":""Purchasing""},{""level"":3,""id"":""Sports""},{""level"":4,""id"":""Sports""},{""level"":5,""id"":""Purchasing Agent II""}]","[{""level"":1,""id"":""120737""},{""level"":2,""id"":""120261""},{""level"":3,""id"":""120259""}]",19JUN2005,01JUL2021,30OCT2022,"$40,188 "
120745,US,Barbara Harvill,F,"[{""level"":1,""id"":""Purchasing""},{""level"":2,""id"":""Purchasing""},{""level"":3,""id"":""Sports""},{""level"":4,""id"":""Sports""},{""level"":5,""id"":""Purchasing Agent I""}]","[{""level"":1,""id"":""120737""},{""level"":2,""id"":""120261""},{""level"":3,""id"":""120259""}]",05JUL2003,01JUN2023,.,"$37,638 "
120746,US,Kevie Kimmerle,M,"[{""level"":1,""id"":""Shared Functions""},{""level"":2,""id"":""Accounts""},{""level"":3,""id"":""Accounts Center""},{""level"":4,""id"":""Accounting & Budgeting""},{""level"":5,""id"":""Account Manager""}]","[{""level"":1,""id"":""120262""},{""level"":2,""id"":""120259""}]",10OCT1991,01APR2019,.,"$55,308 "
120747,US,Zashia Farthing,F,"[{""level"":1,""id"":""Shared Functions""},{""level"":2,""id"":""Accounts""},{""level"":3,""id"":""Accounts Center""},{""level"":4,""id"":""Accounting & Budgeting""},{""level"":5,""id"":""Financial Controller I""}]","[{""level"":1,""id"":""120746""},{""level"":2,""id"":""120262""},{""level"":3,""id"":""120259""}]",20JUN1991,01AUG2012,.,"$52,308 "
120748,US,Nahliah Post,F,"[{""level"":1,""id"":""Shared Functions""},{""level"":2,""id"":""Accounts""},{""level"":3,""id"":""Accounts Center""},{""level"":4,""id"":""Building Administration""},{""level"":5,""id"":""Building Admin. Manager""}]","[{""level"":1,""id"":""120262""},{""level"":2,""id"":""120259""}]",05JUL1993,01MAR2020,.,"$58,056 "
120749,US,Kevin Niemann,M,"[{""level"":1,""id"":""Shared Functions""},{""level"":2,""id"":""Accounts""},{""level"":3,""id"":""Accounts Center""},{""level"":4,""id"":""Building Administration""},{""level"":5,""id"":""Office Assistant II""}]","[{""level"":1,""id"":""120748""},{""level"":2,""id"":""120262""},{""level"":3,""id"":""120259""}]",20SEP1991,01OCT2013,.,"$31,854 "
120750,US,Connie Woods,F,"[{""level"":1,""id"":""Shared Functions""},{""level"":2,""id"":""Accounts""},{""level"":3,""id"":""Finance""},{""level"":4,""id"":""Accounting & Budgeting""},{""level"":5,""id"":""Accountant I""}]","[{""level"":1,""id"":""120751""},{""level"":2,""id"":""120262""},{""level"":3,""id"":""120259""}]",07JUN1971,01FEB1996,31JAN2019,"$39,210 "
120751,US,Azavi0us Mea,M,"[{""level"":1,""id"":""Shared Functions""},{""level"":2,""id"":""Accounts""},{""level"":3,""id"":""Finance""},{""level"":4,""id"":""Accounting & Budgeting""},{""level"":5,""id"":""Finance Manager""}]","[{""level"":1,""id"":""120262""},{""level"":2,""id"":""120259""}]",05APR1981,01AUG2005,.,"$69,840 "
120752,US,Pieter Slykhuis,M,"[{""level"":1,""id"":""Shared Functions""},{""level"":2,""id"":""Accounts""},{""level"":3,""id"":""Finance""},{""level"":4,""id"":""Accounting & Budgeting""},{""level"":5,""id"":""Accountant I""}]","[{""level"":1,""id"":""120751""},{""level"":2,""id"":""120262""},{""level"":3,""id"":""120259""}]",17FEB1971,01AUG1992,30APR2020,"$36,708 "
120753,US,Ralph Ferrari,M,"[{""level"":1,""id"":""Shared Functions""},{""level"":2,""id"":""Accounts""},{""level"":3,""id"":""Finance""},{""level"":4,""id"":""Accounting & Budgeting""},{""level"":5,""id"":""Financial Controller II""}]","[{""level"":1,""id"":""120751""},{""level"":2,""id"":""120262""},{""level"":3,""id"":""120259""}]",15JUN1993,01AUG2011,.,"$56,400 "
120754,US,John Atkins,M,"[{""level"":1,""id"":""Shared Functions""},{""level"":2,""id"":""Accounts""},{""level"":3,""id"":""Finance""},{""level"":4,""id"":""Concession Billing""},{""level"":5,""id"":""Accountant II""}]","[{""level"":1,""id"":""120751""},{""level"":2,""id"":""120262""},{""level"":3,""id"":""120259""}]",02JUN2005,01MAY2023,.,"$41,712 "
120755,US,Elizabeth Thoits,F,"[{""level"":1,""id"":""Shared Functions""},{""level"":2,""id"":""Accounts""},{""level"":3,""id"":""Finance""},{""level"":4,""id"":""Concession Billing""},{""level"":5,""id"":""Accountant III""}]","[{""level"":1,""id"":""120751""},{""level"":2,""id"":""120262""},{""level"":3,""id"":""120259""}]",24AUG1981,01AUG2000,.,"$43,728 "
120756,US,Wendy Asta,F,"[{""level"":1,""id"":""Shared Functions""},{""level"":2,""id"":""Accounts""},{""level"":3,""id"":""Finance""},{""level"":4,""id"":""Head Cashier""},{""level"":5,""id"":""Financial Controller III""}]","[{""level"":1,""id"":""120751""},{""level"":2,""id"":""120262""},{""level"":3,""id"":""120259""}]",20FEB1991,01JUL2013,.,"$62,754 "
120757,US,Paul Knopfmacher,M,"[{""level"":1,""id"":""Shared Functions""},{""level"":2,""id"":""Accounts""},{""level"":3,""id"":""Finance""},{""level"":4,""id"":""Head Cashier""},{""level"":5,""id"":""Accountant III""}]","[{""level"":1,""id"":""120751""},{""level"":2,""id"":""120262""},{""level"":3,""id"":""120259""}]",18MAR1961,01JAN1991,30JUN2021,"$46,254 "
120758,US,Sal Voltz,M,"[{""level"":1,""id"":""Shared Functions""},{""level"":2,""id"":""Accounts""},{""level"":3,""id"":""Finance""},{""level"":4,""id"":""Head Cashier""},{""level"":5,""id"":""Accountant II""}]","[{""level"":1,""id"":""120751""},{""level"":2,""id"":""120262""},{""level"":3,""id"":""120259""}]",22OCT1981,01OCT2009,.,"$40,848 "
120759,US,Nishan Apr,M,"[{""level"":1,""id"":""Shared Functions""},{""level"":2,""id"":""Accounts""},{""level"":3,""id"":""Operations Accounting""},{""level"":4,""id"":""Operations Accounting""},{""level"":5,""id"":""Accountant II""}]","[{""level"":1,""id"":""120746""},{""level"":2,""id"":""120262""},{""level"":3,""id"":""120259""}]",04NOV1981,01JAN2000,.,"$43,476 "
120760,US,Pamela Miller,F,"[{""level"":1,""id"":""Shared Functions""},{""level"":2,""id"":""Accounts""},{""level"":3,""id"":""Operations Accounting""},{""level"":4,""id"":""Operations Accounting""},{""level"":5,""id"":""Financial Controller III""}]","[{""level"":1,""id"":""120746""},{""level"":2,""id"":""120262""},{""level"":3,""id"":""120259""}]",06JAN1986,01MAY2010,.,"$64,170 "
120761,US,Tameaka Akinfolarin,F,"[{""level"":1,""id"":""Shared Functions""},{""level"":2,""id"":""Accounts""},{""level"":3,""id"":""Operations Accounting""},{""level"":4,""id"":""Operations Accounting""},{""level"":5,""id"":""Accountant I""}]","[{""level"":1,""id"":""120746""},{""level"":2,""id"":""120262""},{""level"":3,""id"":""120259""}]",28DEC2003,01JUL2023,.,"$37,152 "
120762,US,Marvin Leone,M,"[{""level"":1,""id"":""Shared Functions""},{""level"":2,""id"":""Accounts""},{""level"":3,""id"":""Operations Accounting""},{""level"":4,""id"":""Operations Accounting""},{""level"":5,""id"":""Accountant I""}]","[{""level"":1,""id"":""120746""},{""level"":2,""id"":""120262""},{""level"":3,""id"":""120259""}]",02NOV1996,01MAR2023,.,"$36,750 "
120763,US,Ramond Capps,M,"[{""level"":1,""id"":""Shared Functions""},{""level"":2,""id"":""Accounts Management""},{""level"":3,""id"":""Auditing & Salary""},{""level"":4,""id"":""Auditing & Wages""},{""level"":5,""id"":""Auditor II""}]","[{""level"":1,""id"":""120766""},{""level"":2,""id"":""120262""},{""level"":3,""id"":""120259""}]",26OCT1961,01JAN1991,.,"$54,120 "
120764,US,Steven Worton,M,"[{""level"":1,""id"":""Shared Functions""},{""level"":2,""id"":""Accounts Management""},{""level"":3,""id"":""Auditing & Salary""},{""level"":4,""id"":""Auditing & Wages""},{""level"":5,""id"":""Auditor I""}]","[{""level"":1,""id"":""120766""},{""level"":2,""id"":""120262""},{""level"":3,""id"":""120259""}]",22DEC1991,01DEC2019,.,"$48,540 "
120765,US,Nikeisha Kokoszka,F,"[{""level"":1,""id"":""Shared Functions""},{""level"":2,""id"":""Accounts Management""},{""level"":3,""id"":""Auditing & Salary""},{""level"":4,""id"":""Auditing & Wages""},{""level"":5,""id"":""Financial Controller III""}]","[{""level"":1,""id"":""120766""},{""level"":2,""id"":""120262""},{""level"":3,""id"":""120259""}]",17DEC1971,01JAN1991,.,"$62,340 "
120766,US,Janelle Kempster,F,"[{""level"":1,""id"":""Shared Functions""},{""level"":2,""id"":""Accounts Management""},{""level"":3,""id"":""Auditing & Salary""},{""level"":4,""id"":""Auditing & Wages""},{""level"":5,""id"":""Auditing Manager""}]","[{""level"":1,""id"":""120262""},{""level"":2,""id"":""120259""}]",05NOV1991,01MAR2018,.,"$64,080 "
120767,US,Legette Terricciano,M,"[{""level"":1,""id"":""Shared Functions""},{""level"":2,""id"":""Accounts Management""},{""level"":3,""id"":""Auditing & Salary""},{""level"":4,""id"":""Auditing & Wages""},{""level"":5,""id"":""Accountant I""}]","[{""level"":1,""id"":""120766""},{""level"":2,""id"":""120262""},{""level"":3,""id"":""120259""}]",09MAY1981,01APR2004,.,"$39,558 "
120768,US,Roland Rayburn,M,"[{""level"":1,""id"":""Shared Functions""},{""level"":2,""id"":""Accounts Management""},{""level"":3,""id"":""Auditing & Salary""},{""level"":4,""id"":""External Auditing""},{""level"":5,""id"":""Accountant II""}]","[{""level"":1,""id"":""120766""},{""level"":2,""id"":""120262""},{""level"":3,""id"":""120259""}]",22JUL1971,01OCT1998,30NOV2020,"$53,946 "
120769,US,Abelino Lightbourne,M,"[{""level"":1,""id"":""Shared Functions""},{""level"":2,""id"":""Accounts Management""},{""level"":3,""id"":""Auditing & Salary""},{""level"":4,""id"":""External Auditing""},{""level"":5,""id"":""Auditor II""}]","[{""level"":1,""id"":""120766""},{""level"":2,""id"":""120262""},{""level"":3,""id"":""120259""}]",24MAY1991,01APR2013,.,"$57,588 "
120770,US,Julia Pascoe,F,"[{""level"":1,""id"":""Shared Functions""},{""level"":2,""id"":""Accounts Management""},{""level"":3,""id"":""Auditing & Salary""},{""level"":4,""id"":""Internal Auditing""},{""level"":5,""id"":""Auditor I""}]","[{""level"":1,""id"":""120766""},{""level"":2,""id"":""120262""},{""level"":3,""id"":""120259""}]",24APR1981,01APR2004,30APR2020,"$52,716 "
120771,US,Wei  Xing Moore,F,"[{""level"":1,""id"":""Shared Functions""},{""level"":2,""id"":""Accounts Management""},{""level"":3,""id"":""Auditing & Salary""},{""level"":4,""id"":""Internal Auditing""},{""level"":5,""id"":""Accountant II""}]","[{""level"":1,""id"":""120766""},{""level"":2,""id"":""120262""},{""level"":3,""id"":""120259""}]",04AUG1971,01DEC1993,.,"$43,722 "
120772,US,Erich Overdorff,M,"[{""level"":1,""id"":""Shared Functions""},{""level"":2,""id"":""Group HR Management""},{""level"":3,""id"":""Group HR""},{""level"":4,""id"":""Group HR""},{""level"":5,""id"":""HR Generalist I""}]","[{""level"":1,""id"":""120780""},{""level"":2,""id"":""120262""},{""level"":3,""id"":""120259""}]",08APR2005,01AUG2023,.,"$32,838 "
120773,US,Entrisse Horne,F,"[{""level"":1,""id"":""Shared Functions""},{""level"":2,""id"":""Group HR Management""},{""level"":3,""id"":""Group HR""},{""level"":4,""id"":""Group HR""},{""level"":5,""id"":""HR Generalist II""}]","[{""level"":1,""id"":""120780""},{""level"":2,""id"":""120262""},{""level"":3,""id"":""120259""}]",22FEB1976,01APR1998,.,"$32,844 "
120774,US,Sue El-Amin,F,"[{""level"":1,""id"":""Shared Functions""},{""level"":2,""id"":""Group HR Management""},{""level"":3,""id"":""Group HR""},{""level"":4,""id"":""Group HR""},{""level"":5,""id"":""HR Specialist II""}]","[{""level"":1,""id"":""120780""},{""level"":2,""id"":""120262""},{""level"":3,""id"":""120259""}]",17SEP1995,01MAR2019,31OCT2022,"$54,186 "
120775,US,Tanya Thompson,F,"[{""level"":1,""id"":""Shared Functions""},{""level"":2,""id"":""Group HR Management""},{""level"":3,""id"":""Group HR""},{""level"":4,""id"":""Group HR""},{""level"":5,""id"":""HR Analyst II""}]","[{""level"":1,""id"":""120780""},{""level"":2,""id"":""120262""},{""level"":3,""id"":""120259""}]",11FEB1986,01NOV2013,.,"$49,896 "
120776,US,Ratna Silverthorne,M,"[{""level"":1,""id"":""Shared Functions""},{""level"":2,""id"":""Group HR Management""},{""level"":3,""id"":""Group HR""},{""level"":4,""id"":""Retirement Club""},{""level"":5,""id"":""HR Generalist III""}]","[{""level"":1,""id"":""120780""},{""level"":2,""id"":""120262""},{""level"":3,""id"":""120259""}]",21SEP1996,01APR2018,.,"$39,096 "
120777,US,Kary Sacher,M,"[{""level"":1,""id"":""Shared Functions""},{""level"":2,""id"":""Group HR Management""},{""level"":3,""id"":""Group HR""},{""level"":4,""id"":""Retirement Club""},{""level"":5,""id"":""HR Specialist I""}]","[{""level"":1,""id"":""120780""},{""level"":2,""id"":""120262""},{""level"":3,""id"":""120259""}]",26MAR1986,01MAY2011,.,"$49,146 "
120778,US,Angela Gardner,F,"[{""level"":1,""id"":""Shared Functions""},{""level"":2,""id"":""Group HR Management""},{""level"":3,""id"":""Group HR""},{""level"":4,""id"":""Retirement Club""},{""level"":5,""id"":""HR Specialist I""}]","[{""level"":1,""id"":""120780""},{""level"":2,""id"":""120262""},{""level"":3,""id"":""120259""}]",08DEC1971,01FEB2001,.,"$52,380 "
120779,US,Jennifer Eggleston,F,"[{""level"":1,""id"":""Shared Functions""},{""level"":2,""id"":""Group HR Management""},{""level"":3,""id"":""Group HR""},{""level"":4,""id"":""Staff Administration""},{""level"":5,""id"":""HR Analyst II""}]","[{""level"":1,""id"":""120780""},{""level"":2,""id"":""120262""},{""level"":3,""id"":""120259""}]",04OCT1993,01MAR2014,.,"$52,428 "
120780,US,Kimberly Walcott,F,"[{""level"":1,""id"":""Shared Functions""},{""level"":2,""id"":""Group HR Management""},{""level"":3,""id"":""Group HR""},{""level"":4,""id"":""Staff Administration""},{""level"":5,""id"":""HR Manager""}]","[{""level"":1,""id"":""120262""},{""level"":2,""id"":""120259""}]",01SEP1986,01OCT2008,.,"$75,594 "
120781,US,Sarah Sitnik,F,"[{""level"":1,""id"":""Shared Functions""},{""level"":2,""id"":""Group HR Management""},{""level"":3,""id"":""Recruitment & Training""},{""level"":4,""id"":""Group Recruitment""},{""level"":5,""id"":""Recruiter I""}]","[{""level"":1,""id"":""120782""},{""level"":2,""id"":""120262""},{""level"":3,""id"":""120259""}]",23JAN2005,01DEC2021,31DEC2022,"$39,144 "
120782,US,Rilma Sines,F,"[{""level"":1,""id"":""Shared Functions""},{""level"":2,""id"":""Group HR Management""},{""level"":3,""id"":""Recruitment & Training""},{""level"":4,""id"":""Group Recruitment""},{""level"":5,""id"":""Recruitment Manager""}]","[{""level"":1,""id"":""120262""},{""level"":2,""id"":""120259""}]",29NOV1991,01JUN2016,.,"$76,698 "
120783,US,Davis Karp,M,"[{""level"":1,""id"":""Shared Functions""},{""level"":2,""id"":""Group HR Management""},{""level"":3,""id"":""Recruitment & Training""},{""level"":4,""id"":""Group Recruitment""},{""level"":5,""id"":""Recruiter III""}]","[{""level"":1,""id"":""120782""},{""level"":2,""id"":""120262""},{""level"":3,""id"":""120259""}]",20DEC1991,01JAN2013,.,"$51,570 "
120784,US,Jennifer Pinol,F,"[{""level"":1,""id"":""Shared Functions""},{""level"":2,""id"":""Group HR Management""},{""level"":3,""id"":""Recruitment & Training""},{""level"":4,""id"":""Group Recruitment""},{""level"":5,""id"":""Recruiter II""}]","[{""level"":1,""id"":""120782""},{""level"":2,""id"":""120262""},{""level"":3,""id"":""120259""}]",24APR1996,01SEP2021,.,"$42,858 "
120785,US,Damesha Donnell,F,"[{""level"":1,""id"":""Shared Functions""},{""level"":2,""id"":""Group HR Management""},{""level"":3,""id"":""Recruitment & Training""},{""level"":4,""id"":""Recruitment & Training""},{""level"":5,""id"":""Training Manager""}]","[{""level"":1,""id"":""120780""},{""level"":2,""id"":""120262""},{""level"":3,""id"":""120259""}]",21JAN1986,01JUN2010,.,"$58,002 "
120786,US,Chris-Anne Delafuente,F,"[{""level"":1,""id"":""Shared Functions""},{""level"":2,""id"":""Group HR Management""},{""level"":3,""id"":""Recruitment & Training""},{""level"":4,""id"":""Recruitment & Training""},{""level"":5,""id"":""Trainer I""}]","[{""level"":1,""id"":""120785""},{""level"":2,""id"":""120780""},{""level"":3,""id"":""120262""},{""level"":4,""id"":""120259""}]",18MAR1961,01JAN1991,.,"$39,180 "
120787,US,Carl Peachey,M,"[{""level"":1,""id"":""Shared Functions""},{""level"":2,""id"":""Group HR Management""},{""level"":3,""id"":""Recruitment & Training""},{""level"":4,""id"":""Recruitment & Training""},{""level"":5,""id"":""Trainer II""}]","[{""level"":1,""id"":""120785""},{""level"":2,""id"":""120780""},{""level"":3,""id"":""120262""},{""level"":4,""id"":""120259""}]",22AUG1986,01JAN2013,.,"$40,800 "
120788,US,Smitty Lisowe,M,"[{""level"":1,""id"":""Shared Functions""},{""level"":2,""id"":""Group HR Management""},{""level"":3,""id"":""Recruitment & Training""},{""level"":4,""id"":""Recruitment & Training""},{""level"":5,""id"":""Trainer I""}]","[{""level"":1,""id"":""120785""},{""level"":2,""id"":""120780""},{""level"":3,""id"":""120262""},{""level"":4,""id"":""120259""}]",13JUN1986,01DEC2011,.,"$40,236 "
120789,US,Julius Denhollem,M,"[{""level"":1,""id"":""Shared Functions""},{""level"":2,""id"":""Group HR Management""},{""level"":3,""id"":""Recruitment & Training""},{""level"":4,""id"":""Recruitment & Training""},{""level"":5,""id"":""Trainer III""}]","[{""level"":1,""id"":""120785""},{""level"":2,""id"":""120780""},{""level"":3,""id"":""120262""},{""level"":4,""id"":""120259""}]",14JUL1981,01DEC1999,31MAY2020,"$47,196 "
120790,US,Tara O'Toole,F,"[{""level"":1,""id"":""Shared Functions""},{""level"":2,""id"":""IS""},{""level"":3,""id"":""Applications""},{""level"":4,""id"":""Applications""},{""level"":5,""id"":""ETL Specialist II""}]","[{""level"":1,""id"":""120791""},{""level"":2,""id"":""120798""},{""level"":3,""id"":""120800""},{""level"":4,""id"":""120262""},{""level"":5,""id"":""120259""}]",07DEC1991,01MAY2012,.,"$64,488 "
120791,US,Richard Chiseloff,M,"[{""level"":1,""id"":""Shared Functions""},{""level"":2,""id"":""IS""},{""level"":3,""id"":""Applications""},{""level"":4,""id"":""Applications""},{""level"":5,""id"":""Systems Architect IV""}]","[{""level"":1,""id"":""120798""},{""level"":2,""id"":""120800""},{""level"":3,""id"":""120262""},{""level"":4,""id"":""120259""}]",26JUL1981,01OCT2003,.,"$73,338 "
120792,US,Omeba Horne,F,"[{""level"":1,""id"":""Shared Functions""},{""level"":2,""id"":""IS""},{""level"":3,""id"":""Applications""},{""level"":4,""id"":""Applications""},{""level"":5,""id"":""Systems Architect II""}]","[{""level"":1,""id"":""120791""},{""level"":2,""id"":""120798""},{""level"":3,""id"":""120800""},{""level"":4,""id"":""120262""},{""level"":5,""id"":""120259""}]",19MAR1993,01AUG2014,.,"$65,712 "
120793,US,William Mamo,M,"[{""level"":1,""id"":""Shared Functions""},{""level"":2,""id"":""IS""},{""level"":3,""id"":""Applications""},{""level"":4,""id"":""Applications""},{""level"":5,""id"":""ETL Specialist I""}]","[{""level"":1,""id"":""120791""},{""level"":2,""id"":""120798""},{""level"":3,""id"":""120800""},{""level"":4,""id"":""120262""},{""level"":5,""id"":""120259""}]",08AUG1986,01JUN2013,.,"$56,586 "
120794,US,Samantha Cross,F,"[{""level"":1,""id"":""Shared Functions""},{""level"":2,""id"":""IS""},{""level"":3,""id"":""Applications""},{""level"":4,""id"":""Management Applications""},{""level"":5,""id"":""Applications Developer IV""}]","[{""level"":1,""id"":""120800""},{""level"":2,""id"":""120262""},{""level"":3,""id"":""120259""}]",31DEC1995,01JUL2020,.,"$61,518 "
120795,US,David Deacon,M,"[{""level"":1,""id"":""Shared Functions""},{""level"":2,""id"":""IS""},{""level"":3,""id"":""Applications""},{""level"":4,""id"":""Management Applications""},{""level"":5,""id"":""Applications Developer II""}]","[{""level"":1,""id"":""120794""},{""level"":2,""id"":""120800""},{""level"":3,""id"":""120262""},{""level"":4,""id"":""120259""}]",16JAN1986,01AUG2005,31JAN2020,"$58,926 "
120796,US,Philip Kellis,M,"[{""level"":1,""id"":""Shared Functions""},{""level"":2,""id"":""IS""},{""level"":3,""id"":""Applications""},{""level"":4,""id"":""Management Applications""},{""level"":5,""id"":""Applications Developer II""}]","[{""level"":1,""id"":""120794""},{""level"":2,""id"":""120800""},{""level"":3,""id"":""120262""},{""level"":4,""id"":""120259""}]",12MAY1971,01MAR2000,.,"$56,436 "
120797,US,Sherrie Jones,F,"[{""level"":1,""id"":""Shared Functions""},{""level"":2,""id"":""IS""},{""level"":3,""id"":""Applications""},{""level"":4,""id"":""Management Applications""},{""level"":5,""id"":""Applications Developer I""}]","[{""level"":1,""id"":""120794""},{""level"":2,""id"":""120800""},{""level"":3,""id"":""120262""},{""level"":4,""id"":""120259""}]",17NOV1971,01DEC1994,.,"$52,062 "
120798,US,Elizabeth Ardskin,F,"[{""level"":1,""id"":""Shared Functions""},{""level"":2,""id"":""IS""},{""level"":3,""id"":""IS Management""},{""level"":4,""id"":""IS Management""},{""level"":5,""id"":""Senior Project Manager""}]","[{""level"":1,""id"":""120800""},{""level"":2,""id"":""120262""},{""level"":3,""id"":""120259""}]",23JUN1976,01JAN2004,.,"$96,906 "
120799,US,Jeffery Stefandonovan,M,"[{""level"":1,""id"":""Shared Functions""},{""level"":2,""id"":""IS""},{""level"":3,""id"":""IS Management""},{""level"":4,""id"":""IS Management""},{""level"":5,""id"":""Office Assistant III""}]","[{""level"":1,""id"":""120800""},{""level"":2,""id"":""120262""},{""level"":3,""id"":""120259""}]",23MAR1996,01NOV2015,.,"$34,884 "
120800,US,Fred Benyami,M,"[{""level"":1,""id"":""Shared Functions""},{""level"":2,""id"":""IS""},{""level"":3,""id"":""IS Management""},{""level"":4,""id"":""IS Management""},{""level"":5,""id"":""IS Director""}]","[{""level"":1,""id"":""120262""},{""level"":2,""id"":""120259""}]",20DEC1991,01JUN2014,31JAN2020,"$96,252 "
120801,US,Kathryn Kennedy,F,"[{""level"":1,""id"":""Shared Functions""},{""level"":2,""id"":""IS""},{""level"":3,""id"":""IS Operations""},{""level"":4,""id"":""Applications""},{""level"":5,""id"":""Applications Developer I""}]","[{""level"":1,""id"":""120798""},{""level"":2,""id"":""120800""},{""level"":3,""id"":""120262""},{""level"":4,""id"":""120259""}]",06MAR1991,01JUL2016,.,"$48,048 "
120802,US,U'Vonda Parker,F,"[{""level"":1,""id"":""Shared Functions""},{""level"":2,""id"":""IS""},{""level"":3,""id"":""IS Operations""},{""level"":4,""id"":""Applications""},{""level"":5,""id"":""Applications Developer IV""}]","[{""level"":1,""id"":""120798""},{""level"":2,""id"":""120800""},{""level"":3,""id"":""120262""},{""level"":4,""id"":""120259""}]",11MAY1966,01JAN1995,30JUN2021,"$78,150 "
120803,US,Victor Droste,M,"[{""level"":1,""id"":""Shared Functions""},{""level"":2,""id"":""IS""},{""level"":3,""id"":""IS Operations""},{""level"":4,""id"":""Applications""},{""level"":5,""id"":""Applications Developer I""}]","[{""level"":1,""id"":""120798""},{""level"":2,""id"":""120800""},{""level"":3,""id"":""120262""},{""level"":4,""id"":""120259""}]",06JUN1971,01JAN1995,.,"$52,356 "
120804,US,Ahmed Zied,M,"[{""level"":1,""id"":""Shared Functions""},{""level"":2,""id"":""IS""},{""level"":3,""id"":""IS Operations""},{""level"":4,""id"":""IS operations""},{""level"":5,""id"":""IS Administrator III""}]","[{""level"":1,""id"":""120798""},{""level"":2,""id"":""120800""},{""level"":3,""id"":""120262""},{""level"":4,""id"":""120259""}]",11FEB1961,01JAN1991,.,"$66,480 "
120805,US,Robert Walker,M,"[{""level"":1,""id"":""Shared Functions""},{""level"":2,""id"":""IS""},{""level"":3,""id"":""IS Operations""},{""level"":4,""id"":""IS operations""},{""level"":5,""id"":""BI Administrator IV""}]","[{""level"":1,""id"":""120798""},{""level"":2,""id"":""120800""},{""level"":3,""id"":""120262""},{""level"":4,""id"":""120259""}]",27JUN1995,01APR2017,.,"$70,236 "
120806,US,Lorna Ousley,F,"[{""level"":1,""id"":""Shared Functions""},{""level"":2,""id"":""IS""},{""level"":3,""id"":""IS Operations""},{""level"":4,""id"":""IS operations""},{""level"":5,""id"":""IS Administrator II""}]","[{""level"":1,""id"":""120798""},{""level"":2,""id"":""120800""},{""level"":3,""id"":""120262""},{""level"":4,""id"":""120259""}]",25FEB1991,01FEB2009,.,"$56,742 "
120807,US,Gerlinde Peppers,F,"[{""level"":1,""id"":""Shared Functions""},{""level"":2,""id"":""IS""},{""level"":3,""id"":""IS Operations""},{""level"":4,""id"":""IS operations""},{""level"":5,""id"":""IS Administrator I""}]","[{""level"":1,""id"":""120798""},{""level"":2,""id"":""120800""},{""level"":3,""id"":""120262""},{""level"":4,""id"":""120259""}]",14DEC1976,01JAN1999,31AUG2021,"$51,990 "
120808,US,Marcel Dupree,M,"[{""level"":1,""id"":""Shared Functions""},{""level"":2,""id"":""IS""},{""level"":3,""id"":""Planning & Design""},{""level"":4,""id"":""Planning""},{""level"":5,""id"":""BI Specialist II""}]","[{""level"":1,""id"":""120798""},{""level"":2,""id"":""120800""},{""level"":3,""id"":""120262""},{""level"":4,""id"":""120259""}]",01JUN1981,01JUN2001,.,"$53,310 "
120809,US,Chiorene Marion,F,"[{""level"":1,""id"":""Shared Functions""},{""level"":2,""id"":""IS""},{""level"":3,""id"":""Planning & Design""},{""level"":4,""id"":""Planning""},{""level"":5,""id"":""BI Architect II""}]","[{""level"":1,""id"":""120798""},{""level"":2,""id"":""120800""},{""level"":3,""id"":""120262""},{""level"":4,""id"":""120259""}]",14JAN1961,01JAN1991,.,"$56,586 "
120810,US,Loyal Esguerra,M,"[{""level"":1,""id"":""Shared Functions""},{""level"":2,""id"":""IS""},{""level"":3,""id"":""Planning & Design""},{""level"":4,""id"":""Planning""},{""level"":5,""id"":""IS Architect III""}]","[{""level"":1,""id"":""120798""},{""level"":2,""id"":""120800""},{""level"":3,""id"":""120262""},{""level"":4,""id"":""120259""}]",04OCT1971,01MAR1997,.,"$70,050 "
120811,US,Dale Bergeron-Jeter,M,"[{""level"":1,""id"":""Shared Functions""},{""level"":2,""id"":""IS""},{""level"":3,""id"":""Till Systems""},{""level"":4,""id"":""Till Systems""},{""level"":5,""id"":""Applications Developer I""}]","[{""level"":1,""id"":""120814""},{""level"":2,""id"":""120800""},{""level"":3,""id"":""120262""},{""level"":4,""id"":""120259""}]",26SEP1986,01JUL2010,.,"$52,782 "
120812,US,Fauver Arruza,M,"[{""level"":1,""id"":""Shared Functions""},{""level"":2,""id"":""IS""},{""level"":3,""id"":""Till Systems""},{""level"":4,""id"":""Till Systems""},{""level"":5,""id"":""Applications Developer II""}]","[{""level"":1,""id"":""120814""},{""level"":2,""id"":""120800""},{""level"":3,""id"":""120262""},{""level"":4,""id"":""120259""}]",19FEB1991,01AUG2018,.,"$54,972 "
120813,US,John Heinsler,M,"[{""level"":1,""id"":""Shared Functions""},{""level"":2,""id"":""IS""},{""level"":3,""id"":""Till Systems""},{""level"":4,""id"":""Till Systems""},{""level"":5,""id"":""Applications Developer IV""}]","[{""level"":1,""id"":""120814""},{""level"":2,""id"":""120800""},{""level"":3,""id"":""120262""},{""level"":4,""id"":""120259""}]",14SEP1986,01JAN2010,31DEC2020,"$61,038 "
120814,US,Victor Scroggin,M,"[{""level"":1,""id"":""Shared Functions""},{""level"":2,""id"":""IS""},{""level"":3,""id"":""Till Systems""},{""level"":4,""id"":""Till Systems""},{""level"":5,""id"":""Project Manager""}]","[{""level"":1,""id"":""120800""},{""level"":2,""id"":""120262""},{""level"":3,""id"":""120259""}]",03JUN1976,01SEP1996,.,"$70,968 "
120815,US,Craig Honore,M,"[{""level"":1,""id"":""Shared Functions""},{""level"":2,""id"":""Marketing""},{""level"":3,""id"":""Orion Club Member Service""},{""level"":4,""id"":""Orion Club Member Service""},{""level"":5,""id"":""Service Administrator III""}","[{""level"":1,""id"":""120719""},{""level"":2,""id"":""120260""},{""level"":3,""id"":""120259""}]",27DEC2005,01APR2023,.,"$37,908 "
120816,US,Tessia Hart,F,"[{""level"":1,""id"":""Shared Functions""},{""level"":2,""id"":""Marketing""},{""level"":3,""id"":""Orion Club Member Service""},{""level"":4,""id"":""Orion Club Member Service""},{""level"":5,""id"":""Service Administrator I""}]","[{""level"":1,""id"":""120719""},{""level"":2,""id"":""120260""},{""level"":3,""id"":""120259""}]",03MAY1986,01AUG2010,.,"$36,582 "
120992,US,Lisa Kicak,F,"[{""level"":1,""id"":""Orion USA""},{""level"":2,""id"":""Administration""},{""level"":3,""id"":""Administration""},{""level"":4,""id"":""Administration""},{""level"":5,""id"":""Office Assistant I""}]","[{""level"":1,""id"":""120996""},{""level"":2,""id"":""121000""},{""level"":3,""id"":""121141""},{""level"":4,""id"":""120261""},{""level"":5,""id"":""120259""}]",17FEB1996,01AUG2017,.,"$32,328 "
120993,US,Lorraine Boatright,F,"[{""level"":1,""id"":""Orion USA""},{""level"":2,""id"":""Administration""},{""level"":3,""id"":""Administration""},{""level"":4,""id"":""Administration""},{""level"":5,""id"":""Office Assistant I""}]","[{""level"":1,""id"":""120996""},{""level"":2,""id"":""121000""},{""level"":3,""id"":""121141""},{""level"":4,""id"":""120261""},{""level"":5,""id"":""120259""}]",18DEC1986,01MAR2014,.,"$31,512 "
120994,US,Danelle Sergeant,F,"[{""level"":1,""id"":""Orion USA""},{""level"":2,""id"":""Administration""},{""level"":3,""id"":""Administration""},{""level"":4,""id"":""Administration""},{""level"":5,""id"":""Office Administrator I""}]","[{""level"":1,""id"":""120996""},{""level"":2,""id"":""121000""},{""level"":3,""id"":""121141""},{""level"":4,""id"":""120261""},{""level"":5,""id"":""120259""}]",16JUN1991,01NOV2011,.,"$37,974 "
120995,US,Lily-Ann Gordo,F,"[{""level"":1,""id"":""Orion USA""},{""level"":2,""id"":""Administration""},{""level"":3,""id"":""Administration""},{""level"":4,""id"":""Administration""},{""level"":5,""id"":""Office Administrator II""}]","[{""level"":1,""id"":""120996""},{""level"":2,""id"":""121000""},{""level"":3,""id"":""121141""},{""level"":4,""id"":""120261""},{""level"":5,""id"":""120259""}]",13JUN2001,01AUG2023,.,"$41,820 "
120996,US,Johannes Wade,M,"[{""level"":1,""id"":""Orion USA""},{""level"":2,""id"":""Administration""},{""level"":3,""id"":""Administration""},{""level"":4,""id"":""Administration""},{""level"":5,""id"":""Office Assistant IV""}]","[{""level"":1,""id"":""121000""},{""level"":2,""id"":""121141""},{""level"":3,""id"":""120261""},{""level"":4,""id"":""120259""}]",21JUL1991,01SEP2019,.,"$39,294 "
120997,US,Mary Donathan,F,"[{""level"":1,""id"":""Orion USA""},{""level"":2,""id"":""Administration""},{""level"":3,""id"":""Administration""},{""level"":4,""id"":""Shipping Charges""},{""level"":5,""id"":""Shipping Administrator I""}]","[{""level"":1,""id"":""121000""},{""level"":2,""id"":""121141""},{""level"":3,""id"":""120261""},{""level"":4,""id"":""120259""}]",21NOV1991,01SEP2013,.,"$32,904 "
120998,US,Tondelayo Benedicto,F,"[{""level"":1,""id"":""Orion USA""},{""level"":2,""id"":""Administration""},{""level"":3,""id"":""Administration""},{""level"":4,""id"":""Shipping Charges""},{""level"":5,""id"":""Clerk I""}]","[{""level"":1,""id"":""120997""},{""level"":2,""id"":""121000""},{""level"":3,""id"":""121141""},{""level"":4,""id"":""120261""},{""level"":5,""id"":""120259""}]",06DEC1996,01APR2022,.,"$31,596 "
120999,US,Sherelyn Heilmann,F,"[{""level"":1,""id"":""Orion USA""},{""level"":2,""id"":""Administration""},{""level"":3,""id"":""Administration""},{""level"":4,""id"":""Shipping Charges""},{""level"":5,""id"":""Clerk I""}]","[{""level"":1,""id"":""120997""},{""level"":2,""id"":""121000""},{""level"":3,""id"":""121141""},{""level"":4,""id"":""120261""},{""level"":5,""id"":""120259""}]",28DEC1976,01APR2001,.,"$32,658 "
121000,US,Herman Supple,M,"[{""level"":1,""id"":""Orion USA""},{""level"":2,""id"":""Administration""},{""level"":3,""id"":""Administration""},{""level"":4,""id"":""Shipping Charges""},{""level"":5,""id"":""Administration Manager""}]","[{""level"":1,""id"":""121141""},{""level"":2,""id"":""120261""},{""level"":3,""id"":""120259""}]",25JAN1981,01DEC2010,.,"$58,320 "
121001,US,Tony House,M,"[{""level"":1,""id"":""Orion USA""},{""level"":2,""id"":""Administration""},{""level"":3,""id"":""Goods Entrance""},{""level"":4,""id"":""Stock Admin""},{""level"":5,""id"":""Warehouse Manager""}]","[{""level"":1,""id"":""121000""},{""level"":2,""id"":""121141""},{""level"":3,""id"":""120261""},{""level"":4,""id"":""120259""}]",21JAN1976,01SEP1994,.,"$52,338 "
121002,US,Terry-Ann Clark,F,"[{""level"":1,""id"":""Orion USA""},{""level"":2,""id"":""Administration""},{""level"":3,""id"":""Goods Entrance""},{""level"":4,""id"":""Stock Admin""},{""level"":5,""id"":""Warehouse Assistant II""}]","[{""level"":1,""id"":""121001""},{""level"":2,""id"":""121000""},{""level"":3,""id"":""121141""},{""level"":4,""id"":""120261""},{""level"":5,""id"":""120259""}]",18SEP1971,01DEC1996,31AUG2021,"$31,980 "
121003,US,Troyce Van Der Wiele,M,"[{""level"":1,""id"":""Orion USA""},{""level"":2,""id"":""Administration""},{""level"":3,""id"":""Goods Entrance""},{""level"":4,""id"":""Stock Admin""},{""level"":5,""id"":""Warehouse Assistant I""}]","[{""level"":1,""id"":""121001""},{""level"":2,""id"":""121000""},{""level"":3,""id"":""121141""},{""level"":4,""id"":""120261""},{""level"":5,""id"":""120259""}]",05MAY2005,01JUL2023,.,"$31,200 "
121004,US,Kellen Smith,M,"[{""level"":1,""id"":""Orion USA""},{""level"":2,""id"":""Administration""},{""level"":3,""id"":""Security""},{""level"":4,""id"":""Security Guards""},{""level"":5,""id"":""Security Manager""}]","[{""level"":1,""id"":""121000""},{""level"":2,""id"":""121141""},{""level"":3,""id"":""120261""},{""level"":4,""id"":""120259""}]",03AUG1961,01JAN1991,.,"$37,074 "
121005,US,Yuh-Lang Mclamb,M,"[{""level"":1,""id"":""Orion USA""},{""level"":2,""id"":""Administration""},{""level"":3,""id"":""Security""},{""level"":4,""id"":""Security Guards""},{""level"":5,""id"":""Security Guard I""}]","[{""level"":1,""id"":""121004""},{""level"":2,""id"":""121000""},{""level"":3,""id"":""121141""},{""level"":4,""id"":""120261""},{""level"":5,""id"":""120259""}]",15JUL2001,01FEB2021,.,"$30,024 "
121006,US,Bernard Bolster,M,"[{""level"":1,""id"":""Orion USA""},{""level"":2,""id"":""Administration""},{""level"":3,""id"":""Security""},{""level"":4,""id"":""Security Guards""},{""level"":5,""id"":""Security Guard I""}]","[{""level"":1,""id"":""121004""},{""level"":2,""id"":""121000""},{""level"":3,""id"":""121141""},{""level"":4,""id"":""120261""},{""level"":5,""id"":""120259""}]",12OCT2003,01NOV2021,31OCT2022,"$31,374 "
121007,US,John Banaszak,M,"[{""level"":1,""id"":""Orion USA""},{""level"":2,""id"":""Administration""},{""level"":3,""id"":""Security""},{""level"":4,""id"":""Security Guards""},{""level"":5,""id"":""Security Guard II""}]","[{""level"":1,""id"":""121004""},{""level"":2,""id"":""121000""},{""level"":3,""id"":""121141""},{""level"":4,""id"":""120261""},{""level"":5,""id"":""120259""}]",12OCT1981,01FEB2004,.,"$32,748 "
121008,US,Eron Mckenzie,M,"[{""level"":1,""id"":""Orion USA""},{""level"":2,""id"":""Administration""},{""level"":3,""id"":""Security""},{""level"":4,""id"":""Security Guards""},{""level"":5,""id"":""Security Guard II""}]","[{""level"":1,""id"":""121004""},{""level"":2,""id"":""121000""},{""level"":3,""id"":""121141""},{""level"":4,""id"":""120261""},{""level"":5,""id"":""120259""}]",03JUL1986,01AUG2010,.,"$33,450 "
121009,US,Robert Goodwin,M,"[{""level"":1,""id"":""Orion USA""},{""level"":2,""id"":""Administration""},{""level"":3,""id"":""Service Center""},{""level"":4,""id"":""Service""},{""level"":5,""id"":""Service Administrator I""}]","[{""level"":1,""id"":""121000""},{""level"":2,""id"":""121141""},{""level"":3,""id"":""120261""},{""level"":4,""id"":""120259""}]",04DEC1996,01AUG2016,.,"$39,546 "
121010,US,Donald Lamp,M,"[{""level"":1,""id"":""Orion USA""},{""level"":2,""id"":""Administration""},{""level"":3,""id"":""Service Center""},{""level"":4,""id"":""Service""},{""level"":5,""id"":""Service Assistant I""}]","[{""level"":1,""id"":""121009""},{""level"":2,""id"":""121000""},{""level"":3,""id"":""121141""},{""level"":4,""id"":""120261""},{""level"":5,""id"":""120259""}]",14AUG2001,01MAR2023,.,"$30,234 "
121011,US,Steven Banchi,M,"[{""level"":1,""id"":""Orion USA""},{""level"":2,""id"":""Administration""},{""level"":3,""id"":""Service Center""},{""level"":4,""id"":""Service""},{""level"":5,""id"":""Service Assistant I""}]","[{""level"":1,""id"":""121009""},{""level"":2,""id"":""121000""},{""level"":3,""id"":""121141""},{""level"":4,""id"":""120261""},{""level"":5,""id"":""120259""}]",11MAR1961,01JAN1991,.,"$30,882 "
121012,US,Carmelo Broome,M,"[{""level"":1,""id"":""Orion USA""},{""level"":2,""id"":""Administration""},{""level"":3,""id"":""Service Center""},{""level"":4,""id"":""Service""},{""level"":5,""id"":""Service Assistant II""}]","[{""level"":1,""id"":""121009""},{""level"":2,""id"":""121000""},{""level"":3,""id"":""121141""},{""level"":4,""id"":""120261""},{""level"":5,""id"":""120259""}]",26JAN2003,01SEP2020,30NOV2021,"$35,490 "
121013,US,Seco Hargrave,M,"[{""level"":1,""id"":""Orion USA""},{""level"":2,""id"":""Engineering""},{""level"":3,""id"":""Engineering""},{""level"":4,""id"":""Electrical Workshop""},{""level"":5,""id"":""Electrician II""}]","[{""level"":1,""id"":""121016""},{""level"":2,""id"":""121000""},{""level"":3,""id"":""121141""},{""level"":4,""id"":""120261""},{""level"":5,""id"":""120259""}]",28APR1996,01APR2017,.,"$32,010 "
121014,US,Donelle Liguori,F,"[{""level"":1,""id"":""Orion USA""},{""level"":2,""id"":""Engineering""},{""level"":3,""id"":""Engineering""},{""level"":4,""id"":""Electrical Workshop""},{""level"":5,""id"":""Electrician III""}]","[{""level"":1,""id"":""121016""},{""level"":2,""id"":""121000""},{""level"":3,""id"":""121141""},{""level"":4,""id"":""120261""},{""level"":5,""id"":""120259""}]",01MAY1991,01AUG2016,.,"$34,212 "
121015,US,Wilson Elmoslamy,M,"[{""level"":1,""id"":""Orion USA""},{""level"":2,""id"":""Engineering""},{""level"":3,""id"":""Engineering""},{""level"":4,""id"":""Engineering""},{""level"":5,""id"":""Technician I""}]","[{""level"":1,""id"":""121016""},{""level"":2,""id"":""121000""},{""level"":3,""id"":""121141""},{""level"":4,""id"":""120261""},{""level"":5,""id"":""120259""}]",13DEC1996,01SEP2017,.,"$31,368 "
121016,US,Lutezenia Sullivan,F,"[{""level"":1,""id"":""Orion USA""},{""level"":2,""id"":""Engineering""},{""level"":3,""id"":""Engineering""},{""level"":4,""id"":""Engineering""},{""level"":5,""id"":""Technical Manager""}]","[{""level"":1,""id"":""121000""},{""level"":2,""id"":""121141""},{""level"":3,""id"":""120261""},{""level"":4,""id"":""120259""}]",19JAN1993,01SEP2021,.,"$57,690 "
121017,US,Gilbert Arizmendi,M,"[{""level"":1,""id"":""Orion USA""},{""level"":2,""id"":""Engineering""},{""level"":3,""id"":""Engineering""},{""level"":4,""id"":""Engineering""},{""level"":5,""id"":""Technician II""}]","[{""level"":1,""id"":""121016""},{""level"":2,""id"":""121000""},{""level"":3,""id"":""121141""},{""level"":4,""id"":""120261""},{""level"":5,""id"":""120259""}]",06JAN2001,01MAR2022,.,"$35,070 "
121018,US,Julienne Magolan,F,"[{""level"":1,""id"":""Orion USA""},{""level"":2,""id"":""Sales""},{""level"":3,""id"":""Sales""},{""level"":4,""id"":""Assorted Sports Articles""},{""level"":5,""id"":""Sales Rep. II""}]","[{""level"":1,""id"":""121144""},{""level"":2,""id"":""121142""},{""level"":3,""id"":""121141""},{""level"":4,""id"":""120261""},{""level"":5,""id"":""120259""}]",03JAN1961,01JAN1991,30APR2020,"$33,072 "
121019,US,Scott Desanctis,M,"[{""level"":1,""id"":""Orion USA""},{""level"":2,""id"":""Sales""},{""level"":3,""id"":""Sales""},{""level"":4,""id"":""Assorted Sports Articles""},{""level"":5,""id"":""Sales Rep. IV""}]","[{""level"":1,""id"":""121144""},{""level"":2,""id"":""121142""},{""level"":3,""id"":""121141""},{""level"":4,""id"":""120261""},{""level"":5,""id"":""120259""}]",25JUN2003,01JUN2021,31JUL2022,"$37,584 "
121020,US,Cherda Ridley,F,"[{""level"":1,""id"":""Orion USA""},{""level"":2,""id"":""Sales""},{""level"":3,""id"":""Sales""},{""level"":4,""id"":""Assorted Sports Articles""},{""level"":5,""id"":""Sales Rep. IV""}]","[{""level"":1,""id"":""121144""},{""level"":2,""id"":""121142""},{""level"":3,""id"":""121141""},{""level"":4,""id"":""120261""},{""level"":5,""id"":""120259""}]",23FEB2001,01MAY2019,.,"$38,100 "
121021,US,Priscilla Farren,F,"[{""level"":1,""id"":""Orion USA""},{""level"":2,""id"":""Sales""},{""level"":3,""id"":""Sales""},{""level"":4,""id"":""Assorted Sports Articles""},{""level"":5,""id"":""Sales Rep. IV""}]","[{""level"":1,""id"":""121144""},{""level"":2,""id"":""121142""},{""level"":3,""id"":""121141""},{""level"":4,""id"":""120261""},{""level"":5,""id"":""120259""}]",10DEC1991,01MAR2011,.,"$39,582 "
121022,US,Robert Stevens,M,"[{""level"":1,""id"":""Orion USA""},{""level"":2,""id"":""Sales""},{""level"":3,""id"":""Sales""},{""level"":4,""id"":""Assorted Sports Articles""},{""level"":5,""id"":""Sales Rep. IV""}]","[{""level"":1,""id"":""121144""},{""level"":2,""id"":""121142""},{""level"":3,""id"":""121141""},{""level"":4,""id"":""120261""},{""level"":5,""id"":""120259""}]",28OCT1996,01FEB2019,31AUG2021,"$38,652 "
121023,US,Shawn Fuller,M,"[{""level"":1,""id"":""Orion USA""},{""level"":2,""id"":""Sales""},{""level"":3,""id"":""Sales""},{""level"":4,""id"":""Assorted Sports Articles""},{""level"":5,""id"":""Sales Rep. I""}]","[{""level"":1,""id"":""121144""},{""level"":2,""id"":""121142""},{""level"":3,""id"":""121141""},{""level"":4,""id"":""120261""},{""level"":5,""id"":""120259""}]",13MAR1981,01MAY2006,31AUG2022,"$31,212 "
121024,US,Michael Westlund,M,"[{""level"":1,""id"":""Orion USA""},{""level"":2,""id"":""Sales""},{""level"":3,""id"":""Sales""},{""level"":4,""id"":""Assorted Sports Articles""},{""level"":5,""id"":""Sales Rep. II""}]","[{""level"":1,""id"":""121144""},{""level"":2,""id"":""121142""},{""level"":3,""id"":""121141""},{""level"":4,""id"":""120261""},{""level"":5,""id"":""120259""}]",21SEP2001,01MAY2021,.,"$31,920 "
121025,US,Barnaby Cassey,M,"[{""level"":1,""id"":""Orion USA""},{""level"":2,""id"":""Sales""},{""level"":3,""id"":""Sales""},{""level"":4,""id"":""Assorted Sports Articles""},{""level"":5,""id"":""Sales Rep. II""}]","[{""level"":1,""id"":""121144""},{""level"":2,""id"":""121142""},{""level"":3,""id"":""121141""},{""level"":4,""id"":""120261""},{""level"":5,""id"":""120259""}]",10OCT1966,01SEP1992,.,"$33,954 "
121026,US,Terrill Jaime,M,"[{""level"":1,""id"":""Orion USA""},{""level"":2,""id"":""Sales""},{""level"":3,""id"":""Sales""},{""level"":4,""id"":""Children Sports""},{""level"":5,""id"":""Sales Rep. IV""}]","[{""level"":1,""id"":""121144""},{""level"":2,""id"":""121142""},{""level"":3,""id"":""121141""},{""level"":4,""id"":""120261""},{""level"":5,""id"":""120259""}]",08NOV2003,01APR2023,.,"$37,818 "
121027,US,Allan Rudder,M,"[{""level"":1,""id"":""Orion USA""},{""level"":2,""id"":""Sales""},{""level"":3,""id"":""Sales""},{""level"":4,""id"":""Children Sports""},{""level"":5,""id"":""Sales Rep. II""}]","[{""level"":1,""id"":""121144""},{""level"":2,""id"":""121142""},{""level"":3,""id"":""121141""},{""level"":4,""id"":""120261""},{""level"":5,""id"":""120259""}]",05MAY1981,01DEC2006,.,"$31,398 "
121028,US,William Smades,M,"[{""level"":1,""id"":""Orion USA""},{""level"":2,""id"":""Sales""},{""level"":3,""id"":""Sales""},{""level"":4,""id"":""Children Sports""},{""level"":5,""id"":""Sales Rep. I""}]","[{""level"":1,""id"":""121144""},{""level"":2,""id"":""121142""},{""level"":3,""id"":""121141""},{""level"":4,""id"":""120261""},{""level"":5,""id"":""120259""}]",27APR2005,01NOV2023,.,"$31,902 "
121029,US,Kuo-Chung Mcelwee,M,"[{""level"":1,""id"":""Orion USA""},{""level"":2,""id"":""Sales""},{""level"":3,""id"":""Sales""},{""level"":4,""id"":""Children Sports""},{""level"":5,""id"":""Sales Rep. I""}]","[{""level"":1,""id"":""121144""},{""level"":2,""id"":""121142""},{""level"":3,""id"":""121141""},{""level"":4,""id"":""120261""},{""level"":5,""id"":""120259""}]",22DEC1981,01DEC2006,.,"$32,670 "
121030,US,Jeryl Areu,M,"[{""level"":1,""id"":""Orion USA""},{""level"":2,""id"":""Sales""},{""level"":3,""id"":""Sales""},{""level"":4,""id"":""Children Sports""},{""level"":5,""id"":""Sales Rep. I""}]","[{""level"":1,""id"":""121144""},{""level"":2,""id"":""121142""},{""level"":3,""id"":""121141""},{""level"":4,""id"":""120261""},{""level"":5,""id"":""120259""}]",12NOV1996,01FEB2018,.,"$32,094 "
121031,US,Scott Filan,M,"[{""level"":1,""id"":""Orion USA""},{""level"":2,""id"":""Sales""},{""level"":3,""id"":""Sales""},{""level"":4,""id"":""Children Sports""},{""level"":5,""id"":""Sales Rep. III""}]","[{""level"":1,""id"":""121144""},{""level"":2,""id"":""121142""},{""level"":3,""id"":""121141""},{""level"":4,""id"":""120261""},{""level"":5,""id"":""120259""}]",09JUL1981,01AUG2002,.,"$33,672 "
121032,US,Nasim Smith,M,"[{""level"":1,""id"":""Orion USA""},{""level"":2,""id"":""Sales""},{""level"":3,""id"":""Sales""},{""level"":4,""id"":""Children Sports""},{""level"":5,""id"":""Sales Rep. IV""}]","[{""level"":1,""id"":""121144""},{""level"":2,""id"":""121142""},{""level"":3,""id"":""121141""},{""level"":4,""id"":""120261""},{""level"":5,""id"":""120259""}]",24FEB2005,01MAR2023,.,"$37,602 "
121033,US,Kristie Snitzer,F,"[{""level"":1,""id"":""Orion USA""},{""level"":2,""id"":""Sales""},{""level"":3,""id"":""Sales""},{""level"":4,""id"":""Children Sports""},{""level"":5,""id"":""Sales Rep. III""}]","[{""level"":1,""id"":""121144""},{""level"":2,""id"":""121142""},{""level"":3,""id"":""121141""},{""level"":4,""id"":""120261""},{""level"":5,""id"":""120259""}]",06NOV2003,01JUN2021,.,"$35,730 "
121034,US,John Kirkman,M,"[{""level"":1,""id"":""Orion USA""},{""level"":2,""id"":""Sales""},{""level"":3,""id"":""Sales""},{""level"":4,""id"":""Children Sports""},{""level"":5,""id"":""Sales Rep. II""}]","[{""level"":1,""id"":""121144""},{""level"":2,""id"":""121142""},{""level"":3,""id"":""121141""},{""level"":4,""id"":""120261""},{""level"":5,""id"":""120259""}]",23AUG2005,01JAN2024,.,"$32,532 "
121035,US,James Blackley,M,"[{""level"":1,""id"":""Orion USA""},{""level"":2,""id"":""Sales""},{""level"":3,""id"":""Sales""},{""level"":4,""id"":""Children Sports""},{""level"":5,""id"":""Sales Rep. II""}]","[{""level"":1,""id"":""121144""},{""level"":2,""id"":""121142""},{""level"":3,""id"":""121141""},{""level"":4,""id"":""120261""},{""level"":5,""id"":""120259""}]",25MAR1961,01JAN1991,.,"$31,752 "
121036,US,Teresa Mesley,F,"[{""level"":1,""id"":""Orion USA""},{""level"":2,""id"":""Sales""},{""level"":3,""id"":""Sales""},{""level"":4,""id"":""Clothes""},{""level"":5,""id"":""Sales Rep. I""}]","[{""level"":1,""id"":""121144""},{""level"":2,""id"":""121142""},{""level"":3,""id"":""121141""},{""level"":4,""id"":""120261""},{""level"":5,""id"":""120259""}]",18JUL2005,01OCT2020,31OCT2022,"$31,158 "
121037,US,Muthukumar Miketa,M,"[{""level"":1,""id"":""Orion USA""},{""level"":2,""id"":""Sales""},{""level"":3,""id"":""Sales""},{""level"":4,""id"":""Clothes""},{""level"":5,""id"":""Sales Rep. III""}]","[{""level"":1,""id"":""121144""},{""level"":2,""id"":""121142""},{""level"":3,""id"":""121141""},{""level"":4,""id"":""120261""},{""level"":5,""id"":""120259""}]",12JUN1991,01MAR2019,.,"$33,972 "
121038,US,David Anstey,M,"[{""level"":1,""id"":""Orion USA""},{""level"":2,""id"":""Sales""},{""level"":3,""id"":""Sales""},{""level"":4,""id"":""Clothes""},{""level"":5,""id"":""Sales Rep. I""}]","[{""level"":1,""id"":""121144""},{""level"":2,""id"":""121142""},{""level"":3,""id"":""121141""},{""level"":4,""id"":""120261""},{""level"":5,""id"":""120259""}]",13FEB2005,01AUG2023,01FEB2024,"$30,342 "
121039,US,Donald Washington,M,"[{""level"":1,""id"":""Orion USA""},{""level"":2,""id"":""Sales""},{""level"":3,""id"":""Sales""},{""level"":4,""id"":""Clothes""},{""level"":5,""id"":""Sales Rep. II""}]","[{""level"":1,""id"":""121144""},{""level"":2,""id"":""121142""},{""level"":3,""id"":""121141""},{""level"":4,""id"":""120261""},{""level"":5,""id"":""120259""}]",03JUN1971,01MAY1997,.,"$32,952 "
121040,US,Brienne Darrohn,F,"[{""level"":1,""id"":""Orion USA""},{""level"":2,""id"":""Sales""},{""level"":3,""id"":""Sales""},{""level"":4,""id"":""Clothes""},{""level"":5,""id"":""Sales Rep. III""}]","[{""level"":1,""id"":""121144""},{""level"":2,""id"":""121142""},{""level"":3,""id"":""121141""},{""level"":4,""id"":""120261""},{""level"":5,""id"":""120259""}]",06JUL1976,01NOV1999,.,"$35,430 "
121041,US,Jaime Wetherington,F,"[{""level"":1,""id"":""Orion USA""},{""level"":2,""id"":""Sales""},{""level"":3,""id"":""Sales""},{""level"":4,""id"":""Clothes""},{""level"":5,""id"":""Sales Rep. II""}]","[{""level"":1,""id"":""121144""},{""level"":2,""id"":""121142""},{""level"":3,""id"":""121141""},{""level"":4,""id"":""120261""},{""level"":5,""id"":""120259""}]",04FEB1961,01JAN1991,.,"$31,344 "
121042,US,Joseph Robbin-Coker,M,"[{""level"":1,""id"":""Orion USA""},{""level"":2,""id"":""Sales""},{""level"":3,""id"":""Sales""},{""level"":4,""id"":""Clothes""},{""level"":5,""id"":""Sales Rep. III""}]","[{""level"":1,""id"":""121144""},{""level"":2,""id"":""121142""},{""level"":3,""id"":""121141""},{""level"":4,""id"":""120261""},{""level"":5,""id"":""120259""}]",04APR1996,01NOV2016,.,"$34,614 "
121043,US,Sigrid Kagarise,F,"[{""level"":1,""id"":""Orion USA""},{""level"":2,""id"":""Sales""},{""level"":3,""id"":""Sales""},{""level"":4,""id"":""Clothes""},{""level"":5,""id"":""Sales Rep. II""}]","[{""level"":1,""id"":""121144""},{""level"":2,""id"":""121142""},{""level"":3,""id"":""121141""},{""level"":4,""id"":""120261""},{""level"":5,""id"":""120259""}]",09NOV1986,01MAR2009,.,"$33,870 "
121044,US,Ray Abbott,M,"[{""level"":1,""id"":""Orion USA""},{""level"":2,""id"":""Sales""},{""level"":3,""id"":""Sales""},{""level"":4,""id"":""Clothes""},{""level"":5,""id"":""Sales Rep. I""}]","[{""level"":1,""id"":""121144""},{""level"":2,""id"":""121142""},{""level"":3,""id"":""121141""},{""level"":4,""id"":""120261""},{""level"":5,""id"":""120259""}]",11DEC1971,01AUG1992,.,"$30,792 "
121045,US,Cascile Hampton,F,"[{""level"":1,""id"":""Orion USA""},{""level"":2,""id"":""Sales""},{""level"":3,""id"":""Sales""},{""level"":4,""id"":""Golf""},{""level"":5,""id"":""Sales Rep. II""}]","[{""level"":1,""id"":""121143""},{""level"":2,""id"":""121142""},{""level"":3,""id"":""121141""},{""level"":4,""id"":""120261""},{""level"":5,""id"":""120259""}]",13JUN1981,01JAN2011,28FEB2021,"$34,272 "
121046,US,Roger Mandzak,M,"[{""level"":1,""id"":""Orion USA""},{""level"":2,""id"":""Sales""},{""level"":3,""id"":""Sales""},{""level"":4,""id"":""Golf""},{""level"":5,""id"":""Sales Rep. I""}]","[{""level"":1,""id"":""121143""},{""level"":2,""id"":""121142""},{""level"":3,""id"":""121141""},{""level"":4,""id"":""120261""},{""level"":5,""id"":""120259""}]",07SEP2001,01JUL2023,01JAN2024,"$31,014 "
121047,US,Karen Grzebien,F,"[{""level"":1,""id"":""Orion USA""},{""level"":2,""id"":""Sales""},{""level"":3,""id"":""Sales""},{""level"":4,""id"":""Golf""},{""level"":5,""id"":""Sales Rep. I""}]","[{""level"":1,""id"":""121143""},{""level"":2,""id"":""121142""},{""level"":3,""id"":""121141""},{""level"":4,""id"":""120261""},{""level"":5,""id"":""120259""}]",26NOV1996,01SEP2023,01MAR2024,"$30,984 "
121048,US,Lawrie Clark,F,"[{""level"":1,""id"":""Orion USA""},{""level"":2,""id"":""Sales""},{""level"":3,""id"":""Sales""},{""level"":4,""id"":""Golf""},{""level"":5,""id"":""Sales Rep. I""}]","[{""level"":1,""id"":""121143""},{""level"":2,""id"":""121142""},{""level"":3,""id"":""121141""},{""level"":4,""id"":""120261""},{""level"":5,""id"":""120259""}]",24JUN2001,01SEP2023,01MAR2024,"$31,872 "
121049,US,Perrior Bataineh,F,"[{""level"":1,""id"":""Orion USA""},{""level"":2,""id"":""Sales""},{""level"":3,""id"":""Sales""},{""level"":4,""id"":""Golf""},{""level"":5,""id"":""Sales Rep. I""}]","[{""level"":1,""id"":""121143""},{""level"":2,""id"":""121142""},{""level"":3,""id"":""121141""},{""level"":4,""id"":""120261""},{""level"":5,""id"":""120259""}]",14FEB2003,01DEC2023,.,"$32,316 "
121050,US,Patricia Capristo-Abramczyk,F,"[{""level"":1,""id"":""Orion USA""},{""level"":2,""id"":""Sales""},{""level"":3,""id"":""Sales""},{""level"":4,""id"":""Golf""},{""level"":5,""id"":""Sales Rep. II""}]","[{""level"":1,""id"":""121143""},{""level"":2,""id"":""121142""},{""level"":3,""id"":""121141""},{""level"":4,""id"":""120261""},{""level"":5,""id"":""120259""}]",12JAN2003,01DEC2023,.,"$31,296 "
121051,US,Glorina Myers,F,"[{""level"":1,""id"":""Orion USA""},{""level"":2,""id"":""Sales""},{""level"":3,""id"":""Sales""},{""level"":4,""id"":""Golf""},{""level"":5,""id"":""Sales Rep. I""}]","[{""level"":1,""id"":""121143""},{""level"":2,""id"":""121142""},{""level"":3,""id"":""121141""},{""level"":4,""id"":""120261""},{""level"":5,""id"":""120259""}]",02MAY1966,01NOV1995,.,"$31,230 "
121052,US,Richard Fay,M,"[{""level"":1,""id"":""Orion USA""},{""level"":2,""id"":""Sales""},{""level"":3,""id"":""Sales""},{""level"":4,""id"":""Golf""},{""level"":5,""id"":""Sales Rep. II""}]","[{""level"":1,""id"":""121143""},{""level"":2,""id"":""121142""},{""level"":3,""id"":""121141""},{""level"":4,""id"":""120261""},{""level"":5,""id"":""120259""}]",09JAN2003,01NOV2023,.,"$32,280 "
121053,US,Tywanna Mcdade,F,"[{""level"":1,""id"":""Orion USA""},{""level"":2,""id"":""Sales""},{""level"":3,""id"":""Sales""},{""level"":4,""id"":""Indoor Sports""},{""level"":5,""id"":""Sales Rep. III""}]","[{""level"":1,""id"":""121143""},{""level"":2,""id"":""121142""},{""level"":3,""id"":""121141""},{""level"":4,""id"":""120261""},{""level"":5,""id"":""120259""}]",23SEP1961,01FEB1991,.,"$35,946 "
121054,US,Daniel Pulliam,M,"[{""level"":1,""id"":""Orion USA""},{""level"":2,""id"":""Sales""},{""level"":3,""id"":""Sales""},{""level"":4,""id"":""Indoor Sports""},{""level"":5,""id"":""Sales Rep. III""}]","[{""level"":1,""id"":""121143""},{""level"":2,""id"":""121142""},{""level"":3,""id"":""121141""},{""level"":4,""id"":""120261""},{""level"":5,""id"":""120259""}]",12NOV1971,01NOV1993,.,"$35,766 "
121055,US,Clement Davis,M,"[{""level"":1,""id"":""Orion USA""},{""level"":2,""id"":""Sales""},{""level"":3,""id"":""Sales""},{""level"":4,""id"":""Indoor Sports""},{""level"":5,""id"":""Sales Rep. III""}]","[{""level"":1,""id"":""121143""},{""level"":2,""id"":""121142""},{""level"":3,""id"":""121141""},{""level"":4,""id"":""120261""},{""level"":5,""id"":""120259""}]",08JAN2005,01AUG2023,.,"$36,222 "
121056,US,Stacey Lyszyk,F,"[{""level"":1,""id"":""Orion USA""},{""level"":2,""id"":""Sales""},{""level"":3,""id"":""Sales""},{""level"":4,""id"":""Shoes""},{""level"":5,""id"":""Sales Rep. II""}]","[{""level"":1,""id"":""121143""},{""level"":2,""id"":""121142""},{""level"":3,""id"":""121141""},{""level"":4,""id"":""120261""},{""level"":5,""id"":""120259""}]",05JUL2001,01MAY2020,.,"$33,990 "
121057,US,Tachaun Voron,M,"[{""level"":1,""id"":""Orion USA""},{""level"":2,""id"":""Sales""},{""level"":3,""id"":""Sales""},{""level"":4,""id"":""Shoes""},{""level"":5,""id"":""Sales Rep. I""}]","[{""level"":1,""id"":""121143""},{""level"":2,""id"":""121142""},{""level"":3,""id"":""121141""},{""level"":4,""id"":""120261""},{""level"":5,""id"":""120259""}]",26DEC1976,01DEC1997,.,"$30,150 "
121058,US,Del Kohake,M,"[{""level"":1,""id"":""Orion USA""},{""level"":2,""id"":""Sales""},{""level"":3,""id"":""Sales""},{""level"":4,""id"":""Shoes""},{""level"":5,""id"":""Sales Rep. I""}]","[{""level"":1,""id"":""121143""},{""level"":2,""id"":""121142""},{""level"":3,""id"":""121141""},{""level"":4,""id"":""120261""},{""level"":5,""id"":""120259""}]",12JUL1991,01OCT2019,.,"$31,524 "
121059,US,Jacqulin Carhide,F,"[{""level"":1,""id"":""Orion USA""},{""level"":2,""id"":""Sales""},{""level"":3,""id"":""Sales""},{""level"":4,""id"":""Shoes""},{""level"":5,""id"":""Sales Rep. II""}]","[{""level"":1,""id"":""121143""},{""level"":2,""id"":""121142""},{""level"":3,""id"":""121141""},{""level"":4,""id"":""120261""},{""level"":5,""id"":""120259""}]",25OCT1976,01APR1998,31DEC2020,"$32,910 "
121060,US,Elizabeth Spofford,F,"[{""level"":1,""id"":""Orion USA""},{""level"":2,""id"":""Sales""},{""level"":3,""id"":""Sales""},{""level"":4,""id"":""Shoes""},{""level"":5,""id"":""Sales Rep. III""}]","[{""level"":1,""id"":""121143""},{""level"":2,""id"":""121142""},{""level"":3,""id"":""121141""},{""level"":4,""id"":""120261""},{""level"":5,""id"":""120259""}]",08JUN1961,01JAN1991,.,"$34,560 "
121061,US,Lauris Hassam,M,"[{""level"":1,""id"":""Orion USA""},{""level"":2,""id"":""Sales""},{""level"":3,""id"":""Sales""},{""level"":4,""id"":""Shoes""},{""level"":5,""id"":""Sales Rep. III""}]","[{""level"":1,""id"":""121143""},{""level"":2,""id"":""121142""},{""level"":3,""id"":""121141""},{""level"":4,""id"":""120261""},{""level"":5,""id"":""120259""}]",16JUL1971,01JUL2001,.,"$35,778 "
121062,US,Debra Armant,F,"[{""level"":1,""id"":""Orion USA""},{""level"":2,""id"":""Sales""},{""level"":3,""id"":""Sales""},{""level"":4,""id"":""Outdoors""},{""level"":5,""id"":""Sales Rep. IV""}]","[{""level"":1,""id"":""121145""},{""level"":2,""id"":""121142""},{""level"":3,""id"":""121141""},{""level"":4,""id"":""120261""},{""level"":5,""id"":""120259""}]",28OCT2001,01AUG2023,.,"$36,366 "
121063,US,Regi Kinol,M,"[{""level"":1,""id"":""Orion USA""},{""level"":2,""id"":""Sales""},{""level"":3,""id"":""Sales""},{""level"":4,""id"":""Outdoors""},{""level"":5,""id"":""Sales Rep. II""}]","[{""level"":1,""id"":""121145""},{""level"":2,""id"":""121142""},{""level"":3,""id"":""121141""},{""level"":4,""id"":""120261""},{""level"":5,""id"":""120259""}]",27JUL1996,01AUG2022,.,"$43,188 "
121064,US,Asishana Polky,M,"[{""level"":1,""id"":""Orion USA""},{""level"":2,""id"":""Sales""},{""level"":3,""id"":""Sales""},{""level"":4,""id"":""Outdoors""},{""level"":5,""id"":""Sales Rep. I""}]","[{""level"":1,""id"":""121145""},{""level"":2,""id"":""121142""},{""level"":3,""id"":""121141""},{""level"":4,""id"":""120261""},{""level"":5,""id"":""120259""}]",28JAN1981,01SEP2008,.,"$30,132 "
121065,US,Corneille Malta,F,"[{""level"":1,""id"":""Orion USA""},{""level"":2,""id"":""Sales""},{""level"":3,""id"":""Sales""},{""level"":4,""id"":""Outdoors""},{""level"":5,""id"":""Sales Rep. III""}]","[{""level"":1,""id"":""121145""},{""level"":2,""id"":""121142""},{""level"":3,""id"":""121141""},{""level"":4,""id"":""120261""},{""level"":5,""id"":""120259""}]",05SEP2001,01APR2023,.,"$33,648 "
121066,US,Ceresh Norman,F,"[{""level"":1,""id"":""Orion USA""},{""level"":2,""id"":""Sales""},{""level"":3,""id"":""Sales""},{""level"":4,""id"":""Outdoors""},{""level"":5,""id"":""Sales Rep. II""}]","[{""level"":1,""id"":""121145""},{""level"":2,""id"":""121142""},{""level"":3,""id"":""121141""},{""level"":4,""id"":""120261""},{""level"":5,""id"":""120259""}]",23AUG1961,01JAN1991,31OCT2022,"$32,700 "
121067,US,Jeanilla Macnair,F,"[{""level"":1,""id"":""Orion USA""},{""level"":2,""id"":""Sales""},{""level"":3,""id"":""Sales""},{""level"":4,""id"":""Outdoors""},{""level"":5,""id"":""Sales Rep. IV""}]","[{""level"":1,""id"":""121145""},{""level"":2,""id"":""121142""},{""level"":3,""id"":""121141""},{""level"":4,""id"":""120261""},{""level"":5,""id"":""120259""}]",18JAN2003,01MAR2023,01SEP2023,"$38,238 "
121068,US,Salaheloin Osuba,M,"[{""level"":1,""id"":""Orion USA""},{""level"":2,""id"":""Sales""},{""level"":3,""id"":""Sales""},{""level"":4,""id"":""Outdoors""},{""level"":5,""id"":""Sales Rep. II""}]","[{""level"":1,""id"":""121145""},{""level"":2,""id"":""121142""},{""level"":3,""id"":""121141""},{""level"":4,""id"":""120261""},{""level"":5,""id"":""120259""}]",02DEC1986,01SEP2009,.,"$33,060 "
121069,US,Jason Lapsley,M,"[{""level"":1,""id"":""Orion USA""},{""level"":2,""id"":""Sales""},{""level"":3,""id"":""Sales""},{""level"":4,""id"":""Outdoors""},{""level"":5,""id"":""Sales Rep. II""}]","[{""level"":1,""id"":""121145""},{""level"":2,""id"":""121142""},{""level"":3,""id"":""121141""},{""level"":4,""id"":""120261""},{""level"":5,""id"":""120259""}]",19MAR1986,01OCT2007,.,"$31,434 "
121070,US,Agnieszka Holthouse,F,"[{""level"":1,""id"":""Orion USA""},{""level"":2,""id"":""Sales""},{""level"":3,""id"":""Sales""},{""level"":4,""id"":""Outdoors""},{""level"":5,""id"":""Sales Rep. III""}]","[{""level"":1,""id"":""121145""},{""level"":2,""id"":""121142""},{""level"":3,""id"":""121141""},{""level"":4,""id"":""120261""},{""level"":5,""id"":""120259""}]",04NOV2001,01FEB2023,.,"$35,262 "
121071,US,John Hoppmann,M,"[{""level"":1,""id"":""Orion USA""},{""level"":2,""id"":""Sales""},{""level"":3,""id"":""Sales""},{""level"":4,""id"":""Outdoors""},{""level"":5,""id"":""Sales Rep. III""}]","[{""level"":1,""id"":""121145""},{""level"":2,""id"":""121142""},{""level"":3,""id"":""121141""},{""level"":4,""id"":""120261""},{""level"":5,""id"":""120259""}]",10SEP1976,01SEP1994,.,"$34,350 "
121072,US,Christer North,M,"[{""level"":1,""id"":""Orion USA""},{""level"":2,""id"":""Sales""},{""level"":3,""id"":""Sales""},{""level"":4,""id"":""Outdoors""},{""level"":5,""id"":""Sales Rep. I""}]","[{""level"":1,""id"":""121145""},{""level"":2,""id"":""121142""},{""level"":3,""id"":""121141""},{""level"":4,""id"":""120261""},{""level"":5,""id"":""120259""}]",10JAN1996,01SEP2021,31OCT2022,"$31,326 "
121073,US,Donald Court,M,"[{""level"":1,""id"":""Orion USA""},{""level"":2,""id"":""Sales""},{""level"":3,""id"":""Sales""},{""level"":4,""id"":""Outdoors""},{""level"":5,""id"":""Sales Rep. I""}]","[{""level"":1,""id"":""121145""},{""level"":2,""id"":""121142""},{""level"":3,""id"":""121141""},{""level"":4,""id"":""120261""},{""level"":5,""id"":""120259""}]",15MAY1966,01JAN1991,.,"$32,520 "
121074,US,Eric Michonski,M,"[{""level"":1,""id"":""Orion USA""},{""level"":2,""id"":""Sales""},{""level"":3,""id"":""Sales""},{""level"":4,""id"":""Outdoors""},{""level"":5,""id"":""Sales Rep. I""}]","[{""level"":1,""id"":""121145""},{""level"":2,""id"":""121142""},{""level"":3,""id"":""121141""},{""level"":4,""id"":""120261""},{""level"":5,""id"":""120259""}]",01MAR1976,01OCT2005,.,"$32,388 "
121075,US,Kasha Sugg,F,"[{""level"":1,""id"":""Orion USA""},{""level"":2,""id"":""Sales""},{""level"":3,""id"":""Sales""},{""level"":4,""id"":""Outdoors""},{""level"":5,""id"":""Sales Rep. II""}]","[{""level"":1,""id"":""121145""},{""level"":2,""id"":""121142""},{""level"":3,""id"":""121141""},{""level"":4,""id"":""120261""},{""level"":5,""id"":""120259""}]",23DEC1961,01JAN1991,.,"$34,074 "
121076,US,Micah Cobb,M,"[{""level"":1,""id"":""Orion USA""},{""level"":2,""id"":""Sales""},{""level"":3,""id"":""Sales""},{""level"":4,""id"":""Racket Sports""},{""level"":5,""id"":""Sales Rep. II""}]","[{""level"":1,""id"":""121143""},{""level"":2,""id"":""121142""},{""level"":3,""id"":""121141""},{""level"":4,""id"":""120261""},{""level"":5,""id"":""120259""}]",09OCT1981,01JAN2000,31MAY2021,"$32,022 "
121077,US,Bryce Smotherly,M,"[{""level"":1,""id"":""Orion USA""},{""level"":2,""id"":""Sales""},{""level"":3,""id"":""Sales""},{""level"":4,""id"":""Racket Sports""},{""level"":5,""id"":""Sales Rep. III""}]","[{""level"":1,""id"":""121143""},{""level"":2,""id"":""121142""},{""level"":3,""id"":""121141""},{""level"":4,""id"":""120261""},{""level"":5,""id"":""120259""}]",05SEP2001,01OCT2023,.,"$34,302 "
121078,US,Lionel Wende,M,"[{""level"":1,""id"":""Orion USA""},{""level"":2,""id"":""Sales""},{""level"":3,""id"":""Sales""},{""level"":4,""id"":""Racket Sports""},{""level"":5,""id"":""Sales Rep. I""}]","[{""level"":1,""id"":""121143""},{""level"":2,""id"":""121142""},{""level"":3,""id"":""121141""},{""level"":4,""id"":""120261""},{""level"":5,""id"":""120259""}]",01MAY1966,01NOV1995,.,"$32,982 "
121079,US,Azmi Mees,M,"[{""level"":1,""id"":""Orion USA""},{""level"":2,""id"":""Sales""},{""level"":3,""id"":""Sales""},{""level"":4,""id"":""Racket Sports""},{""level"":5,""id"":""Sales Rep. I""}]","[{""level"":1,""id"":""121143""},{""level"":2,""id"":""121142""},{""level"":3,""id"":""121141""},{""level"":4,""id"":""120261""},{""level"":5,""id"":""120259""}]",03JUN1991,01NOV2014,.,"$30,924 "
121080,US,Kumar Chinnis,M,"[{""level"":1,""id"":""Orion USA""},{""level"":2,""id"":""Sales""},{""level"":3,""id"":""Sales""},{""level"":4,""id"":""Racket Sports""},{""level"":5,""id"":""Sales Rep. I""}]","[{""level"":1,""id"":""121143""},{""level"":2,""id"":""121142""},{""level"":3,""id"":""121141""},{""level"":4,""id"":""120261""},{""level"":5,""id"":""120259""}]",24JAN1976,01SEP2004,.,"$38,682 "
121081,US,Susie Knudson,F,"[{""level"":1,""id"":""Orion USA""},{""level"":2,""id"":""Sales""},{""level"":3,""id"":""Sales""},{""level"":4,""id"":""Racket Sports""},{""level"":5,""id"":""Sales Rep. III""}]","[{""level"":1,""id"":""121143""},{""level"":2,""id"":""121142""},{""level"":3,""id"":""121141""},{""level"":4,""id"":""120261""},{""level"":5,""id"":""120259""}]",28MAR1966,01APR1993,.,"$36,282 "
121082,US,Richard Debank,M,"[{""level"":1,""id"":""Orion USA""},{""level"":2,""id"":""Sales""},{""level"":3,""id"":""Sales""},{""level"":4,""id"":""Racket Sports""},{""level"":5,""id"":""Sales Rep. III""}]","[{""level"":1,""id"":""121143""},{""level"":2,""id"":""121142""},{""level"":3,""id"":""121141""},{""level"":4,""id"":""120261""},{""level"":5,""id"":""120259""}]",05JUL1966,01OCT1994,.,"$34,212 "
121083,US,Tingmei Sutton,F,"[{""level"":1,""id"":""Orion USA""},{""level"":2,""id"":""Sales""},{""level"":3,""id"":""Sales""},{""level"":4,""id"":""Racket Sports""},{""level"":5,""id"":""Sales Rep. I""}]","[{""level"":1,""id"":""121143""},{""level"":2,""id"":""121142""},{""level"":3,""id"":""121141""},{""level"":4,""id"":""120261""},{""level"":5,""id"":""120259""}]",11MAR1976,01MAR1996,.,"$32,694 "
121084,US,Tulsidas Ould,M,"[{""level"":1,""id"":""Orion USA""},{""level"":2,""id"":""Sales""},{""level"":3,""id"":""Sales""},{""level"":4,""id"":""Racket Sports""},{""level"":5,""id"":""Sales Rep. I""}]","[{""level"":1,""id"":""121143""},{""level"":2,""id"":""121142""},{""level"":3,""id"":""121141""},{""level"":4,""id"":""120261""},{""level"":5,""id"":""120259""}]",16AUG1981,01JAN2008,.,"$27,252 "
121085,US,Rebecca Huslage,M,"[{""level"":1,""id"":""Orion USA""},{""level"":2,""id"":""Sales""},{""level"":3,""id"":""Sales""},{""level"":4,""id"":""Running - Jogging""},{""level"":5,""id"":""Sales Rep. IV""}]","[{""level"":1,""id"":""121143""},{""level"":2,""id"":""121142""},{""level"":3,""id"":""121141""},{""level"":4,""id"":""120261""},{""level"":5,""id"":""120259""}]",12NOV2003,01JAN2024,.,"$38,682 "
121086,US,John-Michael Plybon,M,"[{""level"":1,""id"":""Orion USA""},{""level"":2,""id"":""Sales""},{""level"":3,""id"":""Sales""},{""level"":4,""id"":""Running - Jogging""},{""level"":5,""id"":""Sales Rep. I""}]","[{""level"":1,""id"":""121143""},{""level"":2,""id"":""121142""},{""level"":3,""id"":""121141""},{""level"":4,""id"":""120261""},{""level"":5,""id"":""120259""}]",16DEC1961,01JAN1991,.,"$32,184 "
121087,US,Virtina \u00d3 S\u00failleabh\u00e1in,F,"[{""level"":1,""id"":""Orion USA""},{""level"":2,""id"":""Sales""},{""level"":3,""id"":""Sales""},{""level"":4,""id"":""Running - Jogging""},{""level"":5,""id"":""Sales Rep. II""}]","[{""level"":1,""id"":""121143""},{""level"":2,""id"":""121142""},{""level"":3,""id"":""121141""},{""level"":4,""id"":""120261""},{""level"":5,""id"":""120259""}]",07DEC1991,01MAR2016,31MAR2023,"$33,990 "
121088,US,Momolu Kernitzki,M,"[{""level"":1,""id"":""Orion USA""},{""level"":2,""id"":""Sales""},{""level"":3,""id"":""Sales""},{""level"":4,""id"":""Running - Jogging""},{""level"":5,""id"":""Sales Rep. I""}]","[{""level"":1,""id"":""121143""},{""level"":2,""id"":""121142""},{""level"":3,""id"":""121141""},{""level"":4,""id"":""120261""},{""level"":5,""id"":""120259""}]",10JUN2005,01JAN2024,.,"$32,688 "
121089,US,Gregory Sauder,M,"[{""level"":1,""id"":""Orion USA""},{""level"":2,""id"":""Sales""},{""level"":3,""id"":""Sales""},{""level"":4,""id"":""Running - Jogging""},{""level"":5,""id"":""Sales Rep. II""}]","[{""level"":1,""id"":""121143""},{""level"":2,""id"":""121142""},{""level"":3,""id"":""121141""},{""level"":4,""id"":""120261""},{""level"":5,""id"":""120259""}]",21AUG1971,01JUL1991,31OCT2023,"$33,714 "
121090,US,Betty Klibbe,F,"[{""level"":1,""id"":""Orion USA""},{""level"":2,""id"":""Sales""},{""level"":3,""id"":""Sales""},{""level"":4,""id"":""Running - Jogging""},{""level"":5,""id"":""Sales Rep. I""}]","[{""level"":1,""id"":""121143""},{""level"":2,""id"":""121142""},{""level"":3,""id"":""121141""},{""level"":4,""id"":""120261""},{""level"":5,""id"":""120259""}]",19JUN1971,01FEB1997,.,"$31,920 "
121091,US,Ernest Kadiri,M,"[{""level"":1,""id"":""Orion USA""},{""level"":2,""id"":""Sales""},{""level"":3,""id"":""Sales""},{""level"":4,""id"":""Running - Jogging""},{""level"":5,""id"":""Sales Rep. II""}]","[{""level"":1,""id"":""121143""},{""level"":2,""id"":""121142""},{""level"":3,""id"":""121141""},{""level"":4,""id"":""120261""},{""level"":5,""id"":""120259""}]",19FEB1986,01JAN2006,.,"$32,790 "
121092,US,Gynell Pritt,F,"[{""level"":1,""id"":""Orion USA""},{""level"":2,""id"":""Sales""},{""level"":3,""id"":""Sales""},{""level"":4,""id"":""Running - Jogging""},{""level"":5,""id"":""Sales Rep. I""}]","[{""level"":1,""id"":""121143""},{""level"":2,""id"":""121142""},{""level"":3,""id"":""121141""},{""level"":4,""id"":""120261""},{""level"":5,""id"":""120259""}]",08MAR1991,01AUG2019,.,"$30,816 "
121093,US,Carl Vasconcellos,M,"[{""level"":1,""id"":""Orion USA""},{""level"":2,""id"":""Sales""},{""level"":3,""id"":""Sales""},{""level"":4,""id"":""Running - Jogging""},{""level"":5,""id"":""Sales Rep. I""}]","[{""level"":1,""id"":""121143""},{""level"":2,""id"":""121142""},{""level"":3,""id"":""121141""},{""level"":4,""id"":""120261""},{""level"":5,""id"":""120259""}]",18JUL1981,01JAN2011,30JUN2020,"$32,892 "
121094,US,Larry Tate,M,"[{""level"":1,""id"":""Orion USA""},{""level"":2,""id"":""Sales""},{""level"":3,""id"":""Sales""},{""level"":4,""id"":""Running - Jogging""},{""level"":5,""id"":""Sales Rep. I""}]","[{""level"":1,""id"":""121143""},{""level"":2,""id"":""121142""},{""level"":3,""id"":""121141""},{""level"":4,""id"":""120261""},{""level"":5,""id"":""120259""}]",07JAN1971,01SEP1995,.,"$31,866 "
121095,US,Sara Kratzke,F,"[{""level"":1,""id"":""Orion USA""},{""level"":2,""id"":""Sales""},{""level"":3,""id"":""Sales""},{""level"":4,""id"":""Swim Sports""},{""level"":5,""id"":""Sales Rep. II""}]","[{""level"":1,""id"":""121143""},{""level"":2,""id"":""121142""},{""level"":3,""id"":""121141""},{""level"":4,""id"":""120261""},{""level"":5,""id"":""120259""}]",14APR1986,01JUL2008,.,"$33,612 "
121096,US,Robert Newstead,M,"[{""level"":1,""id"":""Orion USA""},{""level"":2,""id"":""Sales""},{""level"":3,""id"":""Sales""},{""level"":4,""id"":""Swim Sports""},{""level"":5,""id"":""Sales Rep. I""}]","[{""level"":1,""id"":""121143""},{""level"":2,""id"":""121142""},{""level"":3,""id"":""121141""},{""level"":4,""id"":""120261""},{""level"":5,""id"":""120259""}]",18MAY1986,01MAY2012,.,"$31,602 "
121097,US,Willeta Chernega,F,"[{""level"":1,""id"":""Orion USA""},{""level"":2,""id"":""Sales""},{""level"":3,""id"":""Sales""},{""level"":4,""id"":""Swim Sports""},{""level"":5,""id"":""Sales Rep. II""}]","[{""level"":1,""id"":""121143""},{""level"":2,""id"":""121142""},{""level"":3,""id"":""121141""},{""level"":4,""id"":""120261""},{""level"":5,""id"":""120259""}]",23OCT1991,01OCT2012,.,"$32,196 "
121098,US,Hal Heatwole,M,"[{""level"":1,""id"":""Orion USA""},{""level"":2,""id"":""Sales""},{""level"":3,""id"":""Sales""},{""level"":4,""id"":""Swim Sports""},{""level"":5,""id"":""Sales Rep. I""}]","[{""level"":1,""id"":""121143""},{""level"":2,""id"":""121142""},{""level"":3,""id"":""121141""},{""level"":4,""id"":""120261""},{""level"":5,""id"":""120259""}]",22MAR2005,01MAY2023,.,"$32,970 "
121099,US,Royall Mrvichin,M,"[{""level"":1,""id"":""Orion USA""},{""level"":2,""id"":""Sales""},{""level"":3,""id"":""Sales""},{""level"":4,""id"":""Swim Sports""},{""level"":5,""id"":""Sales Rep. IV""}]","[{""level"":1,""id"":""121143""},{""level"":2,""id"":""121142""},{""level"":3,""id"":""121141""},{""level"":4,""id"":""120261""},{""level"":5,""id"":""120259""}]",19MAR1996,01MAY2017,.,"$39,270 "
121100,US,Tzue-Ing Cormell,M,"[{""level"":1,""id"":""Orion USA""},{""level"":2,""id"":""Sales""},{""level"":3,""id"":""Sales""},{""level"":4,""id"":""Swim Sports""},{""level"":5,""id"":""Sales Rep. II""}]","[{""level"":1,""id"":""121143""},{""level"":2,""id"":""121142""},{""level"":3,""id"":""121141""},{""level"":4,""id"":""120261""},{""level"":5,""id"":""120259""}]",27APR1966,01APR1993,.,"$33,762 "
121101,US,Burnetta Buckner,F,"[{""level"":1,""id"":""Orion USA""},{""level"":2,""id"":""Sales""},{""level"":3,""id"":""Sales""},{""level"":4,""id"":""Swim Sports""},{""level"":5,""id"":""Sales Rep. I""}]","[{""level"":1,""id"":""121143""},{""level"":2,""id"":""121142""},{""level"":3,""id"":""121141""},{""level"":4,""id"":""120261""},{""level"":5,""id"":""120259""}]",28AUG2003,01NOV2023,.,"$30,468 "
121102,US,Rocheal Flammia,F,"[{""level"":1,""id"":""Orion USA""},{""level"":2,""id"":""Sales""},{""level"":3,""id"":""Sales""},{""level"":4,""id"":""Team Sports""},{""level"":5,""id"":""Sales Rep. I""}]","[{""level"":1,""id"":""121143""},{""level"":2,""id"":""121142""},{""level"":3,""id"":""121141""},{""level"":4,""id"":""120261""},{""level"":5,""id"":""120259""}]",26JUN1996,01JUN2023,.,"$32,538 "
121103,US,Brian Farnsworth,M,"[{""level"":1,""id"":""Orion USA""},{""level"":2,""id"":""Sales""},{""level"":3,""id"":""Sales""},{""level"":4,""id"":""Team Sports""},{""level"":5,""id"":""Sales Rep. I""}]","[{""level"":1,""id"":""121143""},{""level"":2,""id"":""121142""},{""level"":3,""id"":""121141""},{""level"":4,""id"":""120261""},{""level"":5,""id"":""120259""}]",28APR2005,01SEP2023,.,"$32,712 "
121104,US,Leoma Johnson,F,"[{""level"":1,""id"":""Orion USA""},{""level"":2,""id"":""Sales""},{""level"":3,""id"":""Sales""},{""level"":4,""id"":""Team Sports""},{""level"":5,""id"":""Sales Rep. II""}]","[{""level"":1,""id"":""121143""},{""level"":2,""id"":""121142""},{""level"":3,""id"":""121141""},{""level"":4,""id"":""120261""},{""level"":5,""id"":""120259""}]",12NOV1981,01APR2003,31JAN2019,"$33,978 "
121105,US,Jessica Savacool,F,"[{""level"":1,""id"":""Orion USA""},{""level"":2,""id"":""Sales""},{""level"":3,""id"":""Sales""},{""level"":4,""id"":""Team Sports""},{""level"":5,""id"":""Sales Rep. III""}]","[{""level"":1,""id"":""121143""},{""level"":2,""id"":""121142""},{""level"":3,""id"":""121141""},{""level"":4,""id"":""120261""},{""level"":5,""id"":""120259""}]",09MAY1996,01JAN2020,.,"$35,454 "
121106,US,James Hilburger,M,"[{""level"":1,""id"":""Orion USA""},{""level"":2,""id"":""Sales""},{""level"":3,""id"":""Sales""},{""level"":4,""id"":""Team Sports""},{""level"":5,""id"":""Sales Rep. I""}]","[{""level"":1,""id"":""121143""},{""level"":2,""id"":""121142""},{""level"":3,""id"":""121141""},{""level"":4,""id"":""120261""},{""level"":5,""id"":""120259""}]",02FEB1986,01FEB2013,.,"$31,056 "
121107,US,Rose Anger,F,"[{""level"":1,""id"":""Orion USA""},{""level"":2,""id"":""Sales""},{""level"":3,""id"":""Sales""},{""level"":4,""id"":""Team Sports""},{""level"":5,""id"":""Sales Rep. IV""}]","[{""level"":1,""id"":""121143""},{""level"":2,""id"":""121142""},{""level"":3,""id"":""121141""},{""level"":4,""id"":""120261""},{""level"":5,""id"":""120259""}]",24APR2003,01JUL2023,.,"$37,656 "
121108,US,Libby Levi,F,"[{""level"":1,""id"":""Orion USA""},{""level"":2,""id"":""Sales""},{""level"":3,""id"":""Sales""},{""level"":4,""id"":""Team Sports""},{""level"":5,""id"":""Sales Rep. I""}]","[{""level"":1,""id"":""121143""},{""level"":2,""id"":""121142""},{""level"":3,""id"":""121141""},{""level"":4,""id"":""120261""},{""level"":5,""id"":""120259""}]",04JUL2005,01NOV2023,01MAY2024,"$31,116 "
121109,US,Harold Boulus,M,"[{""level"":1,""id"":""Orion USA""},{""level"":2,""id"":""Sales""},{""level"":3,""id"":""Sales""},{""level"":4,""id"":""Team Sports""},{""level"":5,""id"":""Sales Rep. I""}]","[{""level"":1,""id"":""121143""},{""level"":2,""id"":""121142""},{""level"":3,""id"":""121141""},{""level"":4,""id"":""120261""},{""level"":5,""id"":""120259""}]",05NOV1986,01MAY2007,.,"$31,242 "
121110,US,Albert Knapp,M,"[{""level"":1,""id"":""Orion USA""},{""level"":2,""id"":""Sales""},{""level"":3,""id"":""Sales""},{""level"":4,""id"":""Temporary""},{""level"":5,""id"":""Temp. Sales Rep.""}]","[{""level"":1,""id"":""121145""},{""level"":2,""id"":""121142""},{""level"":3,""id"":""121141""},{""level"":4,""id"":""120261""},{""level"":5,""id"":""120259""}]",14APR1961,01DEC2023,31DEC2023,"$31,644 "
121111,US,Salim Maholo,M,"[{""level"":1,""id"":""Orion USA""},{""level"":2,""id"":""Sales""},{""level"":3,""id"":""Sales""},{""level"":4,""id"":""Temporary""},{""level"":5,""id"":""Temp. Sales Rep.""}]","[{""level"":1,""id"":""121145""},{""level"":2,""id"":""121142""},{""level"":3,""id"":""121141""},{""level"":4,""id"":""120261""},{""level"":5,""id"":""120259""}]",17JUL1961,01DEC2023,30APR2024,"$32,262 "
121112,US,Lee Stouchko,M,"[{""level"":1,""id"":""Orion USA""},{""level"":2,""id"":""Sales""},{""level"":3,""id"":""Sales""},{""level"":4,""id"":""Temporary""},{""level"":5,""id"":""Temp. Sales Rep.""}]","[{""level"":1,""id"":""121145""},{""level"":2,""id"":""121142""},{""level"":3,""id"":""121141""},{""level"":4,""id"":""120261""},{""level"":5,""id"":""120259""}]",13DEC2003,01DEC2023,31DEC2023,"$32,226 "
121113,US,Karen Costine,F,"[{""level"":1,""id"":""Orion USA""},{""level"":2,""id"":""Sales""},{""level"":3,""id"":""Sales""},{""level"":4,""id"":""Temporary""},{""level"":5,""id"":""Temp. Sales Rep.""}]","[{""level"":1,""id"":""121145""},{""level"":2,""id"":""121142""},{""level"":3,""id"":""121141""},{""level"":4,""id"":""120261""},{""level"":5,""id"":""120259""}]",21FEB1971,01DEC2023,31JAN2024,"$32,976 "
121114,US,Okema Whipkey,F,"[{""level"":1,""id"":""Orion USA""},{""level"":2,""id"":""Sales""},{""level"":3,""id"":""Sales""},{""level"":4,""id"":""Temporary""},{""level"":5,""id"":""Temp. Sales Rep.""}]","[{""level"":1,""id"":""121145""},{""level"":2,""id"":""121142""},{""level"":3,""id"":""121141""},{""level"":4,""id"":""120261""},{""level"":5,""id"":""120259""}]",04NOV1961,01DEC2023,30JUN2024,"$31,818 "
121115,US,Aquilla O'Carroll,M,"[{""level"":1,""id"":""Orion USA""},{""level"":2,""id"":""Sales""},{""level"":3,""id"":""Sales""},{""level"":4,""id"":""Temporary""},{""level"":5,""id"":""Temp. Sales Rep.""}]","[{""level"":1,""id"":""121145""},{""level"":2,""id"":""121142""},{""level"":3,""id"":""121141""},{""level"":4,""id"":""120261""},{""level"":5,""id"":""120259""}]",13FEB1976,01DEC2023,30APR2024,"$31,716 "
121116,US,Mary Bond-Teague,F,"[{""level"":1,""id"":""Orion USA""},{""level"":2,""id"":""Sales""},{""level"":3,""id"":""Sales""},{""level"":4,""id"":""Temporary""},{""level"":5,""id"":""Temp. Sales Rep.""}]","[{""level"":1,""id"":""121145""},{""level"":2,""id"":""121142""},{""level"":3,""id"":""121141""},{""level"":4,""id"":""120261""},{""level"":5,""id"":""120259""}]",23SEP1981,01DEC2023,31MAR2024,"$32,004 "
121117,US,Teresa Sergi,F,"[{""level"":1,""id"":""Orion USA""},{""level"":2,""id"":""Sales""},{""level"":3,""id"":""Sales""},{""level"":4,""id"":""Temporary""},{""level"":5,""id"":""Temp. Sales Rep.""}]","[{""level"":1,""id"":""121145""},{""level"":2,""id"":""121142""},{""level"":3,""id"":""121141""},{""level"":4,""id"":""120261""},{""level"":5,""id"":""120259""}]",18MAR1991,01DEC2023,31DEC2023,"$31,968 "
121118,US,Paul Lawson,M,"[{""level"":1,""id"":""Orion USA""},{""level"":2,""id"":""Sales""},{""level"":3,""id"":""Sales""},{""level"":4,""id"":""Temporary""},{""level"":5,""id"":""Temp. Sales Rep.""}]","[{""level"":1,""id"":""121145""},{""level"":2,""id"":""121142""},{""level"":3,""id"":""121141""},{""level"":4,""id"":""120261""},{""level"":5,""id"":""120259""}]",01MAR1996,01DEC2023,31MAY2024,"$30,870 "
121119,US,Bruce Armogida,M,"[{""level"":1,""id"":""Orion USA""},{""level"":2,""id"":""Sales""},{""level"":3,""id"":""Sales""},{""level"":4,""id"":""Temporary""},{""level"":5,""id"":""Temp. Sales Rep.""}]","[{""level"":1,""id"":""121145""},{""level"":2,""id"":""121142""},{""level"":3,""id"":""121141""},{""level"":4,""id"":""120261""},{""level"":5,""id"":""120259""}]",03NOV1981,01DEC2023,28FEB2024,"$30,246 "
121120,US,Susan Labach,F,"[{""level"":1,""id"":""Orion USA""},{""level"":2,""id"":""Sales""},{""level"":3,""id"":""Sales""},{""level"":4,""id"":""Temporary""},{""level"":5,""id"":""Temp. Sales Rep.""}]","[{""level"":1,""id"":""121145""},{""level"":2,""id"":""121142""},{""level"":3,""id"":""121141""},{""level"":4,""id"":""120261""},{""level"":5,""id"":""120259""}]",25OCT1991,01DEC2023,28FEB2024,"$30,024 "
121121,US,Halouise Cassone,F,"[{""level"":1,""id"":""Orion USA""},{""level"":2,""id"":""Sales""},{""level"":3,""id"":""Sales""},{""level"":4,""id"":""Temporary""},{""level"":5,""id"":""Temp. Sales Rep.""}]","[{""level"":1,""id"":""121145""},{""level"":2,""id"":""121142""},{""level"":3,""id"":""121141""},{""level"":4,""id"":""120261""},{""level"":5,""id"":""120259""}]",05MAR2003,01DEC2023,31MAY2024,"$30,882 "
121122,US,Stancey Scarbrough,M,"[{""level"":1,""id"":""Orion USA""},{""level"":2,""id"":""Sales""},{""level"":3,""id"":""Sales""},{""level"":4,""id"":""Temporary""},{""level"":5,""id"":""Temp. Sales Rep.""}]","[{""level"":1,""id"":""121145""},{""level"":2,""id"":""121142""},{""level"":3,""id"":""121141""},{""level"":4,""id"":""120261""},{""level"":5,""id"":""120259""}]",01MAR2003,01DEC2023,31MAR2024,"$31,518 "
121123,US,Randy Helyar,M,"[{""level"":1,""id"":""Orion USA""},{""level"":2,""id"":""Sales""},{""level"":3,""id"":""Sales""},{""level"":4,""id"":""Temporary""},{""level"":5,""id"":""Temp. Sales Rep.""}]","[{""level"":1,""id"":""121145""},{""level"":2,""id"":""121142""},{""level"":3,""id"":""121141""},{""level"":4,""id"":""120261""},{""level"":5,""id"":""120259""}]",27APR1961,01DEC2023,31MAR2024,"$31,692 "
121124,US,Deginald Gonzalez,M,"[{""level"":1,""id"":""Orion USA""},{""level"":2,""id"":""Sales""},{""level"":3,""id"":""Sales""},{""level"":4,""id"":""Temporary""},{""level"":5,""id"":""Temp. Sales Rep.""}]","[{""level"":1,""id"":""121145""},{""level"":2,""id"":""121142""},{""level"":3,""id"":""121141""},{""level"":4,""id"":""120261""},{""level"":5,""id"":""120259""}]",15FEB1986,01DEC2023,31DEC2023,"$32,310 "
121125,US,Michael Holt,M,"[{""level"":1,""id"":""Orion USA""},{""level"":2,""id"":""Sales""},{""level"":3,""id"":""Sales""},{""level"":4,""id"":""Trainees""},{""level"":5,""id"":""Trainee""}]","[{""level"":1,""id"":""121145""},{""level"":2,""id"":""121142""},{""level"":3,""id"":""121141""},{""level"":4,""id"":""120261""},{""level"":5,""id"":""120259""}]",17APR1991,01JAN2020,30JUN2020,"$30,378 "
121126,US,James Penhale,M,"[{""level"":1,""id"":""Orion USA""},{""level"":2,""id"":""Sales""},{""level"":3,""id"":""Sales""},{""level"":4,""id"":""Trainees""},{""level"":5,""id"":""Trainee""}]","[{""level"":1,""id"":""121145""},{""level"":2,""id"":""121142""},{""level"":3,""id"":""121141""},{""level"":4,""id"":""120261""},{""level"":5,""id"":""120259""}]",26OCT1971,01JAN2020,30JUN2020,"$31,218 "
121127,US,Keyna Mangini,F,"[{""level"":1,""id"":""Orion USA""},{""level"":2,""id"":""Sales""},{""level"":3,""id"":""Sales""},{""level"":4,""id"":""Trainees""},{""level"":5,""id"":""Trainee""}]","[{""level"":1,""id"":""121145""},{""level"":2,""id"":""121142""},{""level"":3,""id"":""121141""},{""level"":4,""id"":""120261""},{""level"":5,""id"":""120259""}]",03SEP2003,01JUN2022,30NOV2022,"$30,522 "
121128,US,Glacia Nazar,F,"[{""level"":1,""id"":""Orion USA""},{""level"":2,""id"":""Sales""},{""level"":3,""id"":""Sales""},{""level"":4,""id"":""Trainees""},{""level"":5,""id"":""Trainee""}]","[{""level"":1,""id"":""121145""},{""level"":2,""id"":""121142""},{""level"":3,""id"":""121141""},{""level"":4,""id"":""120261""},{""level"":5,""id"":""120259""}]",26JUN1991,01JAN2020,30JUN2020,"$30,486 "
121129,US,Yusef Hafley,M,"[{""level"":1,""id"":""Orion USA""},{""level"":2,""id"":""Sales""},{""level"":3,""id"":""Sales""},{""level"":4,""id"":""Trainees""},{""level"":5,""id"":""Trainee""}]","[{""level"":1,""id"":""121145""},{""level"":2,""id"":""121142""},{""level"":3,""id"":""121141""},{""level"":4,""id"":""120261""},{""level"":5,""id"":""120259""}]",01MAY1981,01JAN2020,30JUN2020,"$37,134 "
121130,US,Gary Herndon,M,"[{""level"":1,""id"":""Orion USA""},{""level"":2,""id"":""Sales""},{""level"":3,""id"":""Sales""},{""level"":4,""id"":""Trainees""},{""level"":5,""id"":""Trainee""}]","[{""level"":1,""id"":""121145""},{""level"":2,""id"":""121142""},{""level"":3,""id"":""121141""},{""level"":4,""id"":""120261""},{""level"":5,""id"":""120259""}]",21JAN2001,01FEB2021,31JUL2021,"$30,306 "
121131,US,William Pantages,M,"[{""level"":1,""id"":""Orion USA""},{""level"":2,""id"":""Sales""},{""level"":3,""id"":""Sales""},{""level"":4,""id"":""Trainees""},{""level"":5,""id"":""Trainee""}]","[{""level"":1,""id"":""121145""},{""level"":2,""id"":""121142""},{""level"":3,""id"":""121141""},{""level"":4,""id"":""120261""},{""level"":5,""id"":""120259""}]",30JUN1986,01JAN2020,30JUN2020,"$30,534 "
121132,US,Shia-Ling Digiorgio,M,"[{""level"":1,""id"":""Orion USA""},{""level"":2,""id"":""Sales""},{""level"":3,""id"":""Sales""},{""level"":4,""id"":""Trainees""},{""level"":5,""id"":""Trainee""}]","[{""level"":1,""id"":""121145""},{""level"":2,""id"":""121142""},{""level"":3,""id"":""121141""},{""level"":4,""id"":""120261""},{""level"":5,""id"":""120259""}]",08FEB1971,01JAN2020,30JUN2020,"$29,268 "
121133,US,Peter Pringley,M,"[{""level"":1,""id"":""Orion USA""},{""level"":2,""id"":""Sales""},{""level"":3,""id"":""Sales""},{""level"":4,""id"":""Trainees""},{""level"":5,""id"":""Trainee""}]","[{""level"":1,""id"":""121145""},{""level"":2,""id"":""121142""},{""level"":3,""id"":""121141""},{""level"":4,""id"":""120261""},{""level"":5,""id"":""120259""}]",10NOV1996,01JAN2020,30JUN2020,"$30,486 "
121134,US,Paul Tacosa,M,"[{""level"":1,""id"":""Orion USA""},{""level"":2,""id"":""Sales""},{""level"":3,""id"":""Sales""},{""level"":4,""id"":""Trainees""},{""level"":5,""id"":""Trainee""}]","[{""level"":1,""id"":""121145""},{""level"":2,""id"":""121142""},{""level"":3,""id"":""121141""},{""level"":4,""id"":""120261""},{""level"":5,""id"":""120259""}]",02JUL1981,01JAN2020,30JUN2020,"$30,702 "
121135,US,Tammy Ruta,F,"[{""level"":1,""id"":""Orion USA""},{""level"":2,""id"":""Sales""},{""level"":3,""id"":""Sales""},{""level"":4,""id"":""Winter Sports""},{""level"":5,""id"":""Sales Rep. I""}]","[{""level"":1,""id"":""121145""},{""level"":2,""id"":""121142""},{""level"":3,""id"":""121141""},{""level"":4,""id"":""120261""},{""level"":5,""id"":""120259""}]",07JUN1971,01AUG1991,.,"$32,412 "
121136,US,Lesia Galarneau,F,"[{""level"":1,""id"":""Orion USA""},{""level"":2,""id"":""Sales""},{""level"":3,""id"":""Sales""},{""level"":4,""id"":""Winter Sports""},{""level"":5,""id"":""Sales Rep. I""}]","[{""level"":1,""id"":""121145""},{""level"":2,""id"":""121142""},{""level"":3,""id"":""121141""},{""level"":4,""id"":""120261""},{""level"":5,""id"":""120259""}]",15JUL1991,01DEC2019,30SEP2021,"$32,952 "
121137,US,Michael. R. Boocks,M,"[{""level"":1,""id"":""Orion USA""},{""level"":2,""id"":""Sales""},{""level"":3,""id"":""Sales""},{""level"":4,""id"":""Winter Sports""},{""level"":5,""id"":""Sales Rep. I""}]","[{""level"":1,""id"":""121145""},{""level"":2,""id"":""121142""},{""level"":3,""id"":""121141""},{""level"":4,""id"":""120261""},{""level"":5,""id"":""120259""}]",18JAN2005,01APR2023,.,"$32,466 "
121138,US,Hershell Tolley,M,"[{""level"":1,""id"":""Orion USA""},{""level"":2,""id"":""Sales""},{""level"":3,""id"":""Sales""},{""level"":4,""id"":""Winter Sports""},{""level"":5,""id"":""Sales Rep. I""}]","[{""level"":1,""id"":""121145""},{""level"":2,""id"":""121142""},{""level"":3,""id"":""121141""},{""level"":4,""id"":""120261""},{""level"":5,""id"":""120259""}]",28FEB1966,01JAN1991,.,"$32,718 "
121139,US,Diosdado Mckee,F,"[{""level"":1,""id"":""Orion USA""},{""level"":2,""id"":""Sales""},{""level"":3,""id"":""Sales""},{""level"":4,""id"":""Winter Sports""},{""level"":5,""id"":""Sales Rep. II""}]","[{""level"":1,""id"":""121145""},{""level"":2,""id"":""121142""},{""level"":3,""id"":""121141""},{""level"":4,""id"":""120261""},{""level"":5,""id"":""120259""}]",19AUG1976,01JUL2004,.,"$33,240 "
121140,US,Saunders Briggi,M,"[{""level"":1,""id"":""Orion USA""},{""level"":2,""id"":""Sales""},{""level"":3,""id"":""Sales""},{""level"":4,""id"":""Winter Sports""},{""level"":5,""id"":""Sales Rep. I""}]","[{""level"":1,""id"":""121145""},{""level"":2,""id"":""121142""},{""level"":3,""id"":""121141""},{""level"":4,""id"":""120261""},{""level"":5,""id"":""120259""}]",23JAN1996,01APR2018,31JAN2023,"$31,602 "
121141,US,Henri Le Bleu,M,"[{""level"":1,""id"":""Orion USA""},{""level"":2,""id"":""Sales Management""},{""level"":3,""id"":""Sales Management""},{""level"":4,""id"":""Sales Management""},{""level"":5,""id"":""Vice President""}]","[{""level"":1,""id"":""120261""},{""level"":2,""id"":""120259""}]",19JUN1961,01JAN1991,.,"$233,862 "
121142,US,Reginald Steiber,M,"[{""level"":1,""id"":""Orion USA""},{""level"":2,""id"":""Sales Management""},{""level"":3,""id"":""Sales Management""},{""level"":4,""id"":""Sales Management""},{""level"":5,""id"":""Director""}]","[{""level"":1,""id"":""121141""},{""level"":2,""id"":""120261""},{""level"":3,""id"":""120259""}]",14FEB1986,01MAY2010,.,"$187,278 "
121143,US,Louis Favaron,M,"[{""level"":1,""id"":""Orion USA""},{""level"":2,""id"":""Sales Management""},{""level"":3,""id"":""Sales Management""},{""level"":4,""id"":""Sales Management""},{""level"":5,""id"":""Senior Sales Manager""}]","[{""level"":1,""id"":""121142""},{""level"":2,""id"":""121141""},{""level"":3,""id"":""120261""},{""level"":4,""id"":""120259""}]",26NOV1986,01JUL2014,.,"$114,108 "
121144,US,Renee Capachietti,F,"[{""level"":1,""id"":""Orion USA""},{""level"":2,""id"":""Sales Management""},{""level"":3,""id"":""Sales Management""},{""level"":4,""id"":""Sales Management""},{""level"":5,""id"":""Sales Manager""}]","[{""level"":1,""id"":""121142""},{""level"":2,""id"":""121141""},{""level"":3,""id"":""120261""},{""level"":4,""id"":""120259""}]",28JUN1981,01NOV2008,.,"$100,206 "
121145,US,Dennis Lansberry,M,"[{""level"":1,""id"":""Orion USA""},{""level"":2,""id"":""Sales Management""},{""level"":3,""id"":""Sales Management""},{""level"":4,""id"":""Sales Management""},{""level"":5,""id"":""Sales Manager""}]","[{""level"":1,""id"":""121142""},{""level"":2,""id"":""121141""},{""level"":3,""id"":""120261""},{""level"":4,""id"":""120259""}]",22NOV1966,01APR1993,.,"$101,112 "
121146,US,Julieanne Sangiorgio,F,"[{""level"":1,""id"":""Orion USA""},{""level"":2,""id"":""Sales Management""},{""level"":3,""id"":""Sales Management""},{""level"":4,""id"":""Sales Management""},{""level"":5,""id"":""Secretary III""}]","[{""level"":1,""id"":""121141""},{""level"":2,""id"":""120261""},{""level"":3,""id"":""120259""}]",09DEC2003,01APR2023,.,"$35,184 "
121147,US,Christine Sneed,F,"[{""level"":1,""id"":""Orion USA""},{""level"":2,""id"":""Sales Management""},{""level"":3,""id"":""Sales Management""},{""level"":4,""id"":""Sales Management""},{""level"":5,""id"":""Secretary II""}]","[{""level"":1,""id"":""121142""},{""level"":2,""id"":""121141""},{""level"":3,""id"":""120261""},{""level"":4,""id"":""120259""}]",28MAY1986,01SEP2004,.,"$34,974 "
121148,US,Shane Sadig,M,"[{""level"":1,""id"":""Orion USA""},{""level"":2,""id"":""Sales Management""},{""level"":3,""id"":""Sales Management""},{""level"":4,""id"":""Sales Management""},{""level"":5,""id"":""Business Analyst II""}]","[{""level"":1,""id"":""121141""},{""level"":2,""id"":""120261""},{""level"":3,""id"":""120259""}]",01JAN1986,01JAN2015,31JAN2020,"$63,516 "
